depart,depart,depart,arrivee,arrivee,arrivee,duree (min),distance (km)
nom,latitude,longitude,nom,latitude,longitude,,
Strasbourg,48.57418,7.75427,Metz (central bus station),49.11016,6.18377,125,165.2861
Metz (central bus station),49.11016,6.18377,Reims Champagne Ardenne TGV,49.21516,3.99451,145,195.2279
Reims Champagne Ardenne TGV,49.21516,3.99451,Paris (Bercy Seine),48.83532,2.38052,120,143.9124
Paris (Bercy Seine),48.83532,2.38052,Paris - Massy-Palaiseau (Bus station Vilmorin),48.72606,2.25714,50,23.0716
Paris - Massy-Palaiseau (Bus station Vilmorin),48.72606,2.25714,Orléans (Libération),47.91953,1.90349,85,109.7878
Orléans (Libération),47.91953,1.90349,Tours (Parking les Peupliers),47.38338,0.70235,90,121.8949
Tours (Parking les Peupliers),47.38338,0.70235,Angers (central bus station),47.46502,-0.55917,100,128.9503
Angers (central bus station),47.46502,-0.55917,Nantes Haluchère,47.24893,-1.52081,65,82.9569
Nantes Haluchère,47.24893,-1.52081,Rennes (Central bus station),48.1039,-1.67062,90,107.4511
Rennes (Central bus station),48.1039,-1.67062,Nantes Haluchère,47.24893,-1.52081,90,107.8647
Nantes Haluchère,47.24893,-1.52081,Angers (central bus station),47.46502,-0.55917,65,86.5924
Angers (central bus station),47.46502,-0.55917,Tours (Parking les Peupliers),47.38338,0.70235,100,127.8286
Tours (Parking les Peupliers),47.38338,0.70235,Orléans (Libération),47.91953,1.90349,90,121.4556
Orléans (Libération),47.91953,1.90349,Paris - Massy-Palaiseau (Bus station Vilmorin),48.72606,2.25714,85,110.3318
Paris - Massy-Palaiseau (Bus station Vilmorin),48.72606,2.25714,Paris (Bercy Seine),48.83532,2.38052,50,21.4011
Paris (Bercy Seine),48.83532,2.38052,Reims Champagne Ardenne TGV,49.21516,3.99451,110,145.1097
Reims Champagne Ardenne TGV,49.21516,3.99451,Metz (central bus station),49.11016,6.18377,140,193.0424
Metz (central bus station),49.11016,6.18377,Strasbourg,48.57418,7.75427,120,165.6578
Nice Airport (Bus Station - Terminal 1),43.66482,7.20959,Cannes (Le Cannet),43.5707,7.01485,40,25.3214
Cannes (Le Cannet),43.5707,7.01485,Fréjus (Péage Ouest),43.45631,6.68948,30,39.6945
Fréjus (Péage Ouest),43.45631,6.68948,Marseille (central bus station St Charles),43.30408,5.37999,95,133.3181
Marseille (central bus station St Charles),43.30408,5.37999,Lyon Perrache (Central Bus Station),45.74875,4.82602,240,312.6714
Lyon Perrache (Central Bus Station),45.74875,4.82602,Paris (Orly Airport),48.73156,2.37358,325,448.7736
Paris (Orly Airport),48.73156,2.37358,Paris (Bercy Seine),48.83532,2.38052,40,15.0458
Paris (Bercy Seine),48.83532,2.38052,Paris (Orly Airport),48.73156,2.37358,30,16.5344
Paris (Orly Airport),48.73156,2.37358,Lyon Perrache (Central Bus Station),45.74875,4.82602,325,447.7469
Lyon Perrache (Central Bus Station),45.74875,4.82602,Marseille (central bus station St Charles),43.30408,5.37999,230,312.8275
Marseille (central bus station St Charles),43.30408,5.37999,Fréjus (Péage Ouest),43.45631,6.68948,95,134.0648
Fréjus (Péage Ouest),43.45631,6.68948,Cannes (Le Cannet),43.5707,7.01485,50,38.3362
Cannes (Le Cannet),43.5707,7.01485,Nice Airport (Bus Station - Terminal 1),43.66482,7.20959,45,24.0082
Metz (central bus station),49.11016,6.18377,Reims Champagne Ardenne TGV,49.21516,3.99451,140,195.2279
Reims Champagne Ardenne TGV,49.21516,3.99451,Paris (Bercy Seine),48.83532,2.38052,110,143.9124
Paris (Bercy Seine),48.83532,2.38052,Reims Champagne Ardenne TGV,49.21516,3.99451,105,145.1097
Reims Champagne Ardenne TGV,49.21516,3.99451,Metz (central bus station),49.11016,6.18377,140,193.0424
Reims Champagne Ardenne TGV,49.21516,3.99451,Paris (Bercy Seine),48.83532,2.38052,105,143.9124
Paris (Bercy Seine),48.83532,2.38052,Reims Champagne Ardenne TGV,49.21516,3.99451,110,145.1097
Annecy (Central Bus Station),45.90166,6.12032,Aix-les-Bains (Centre Commercial),45.65674,5.91252,30,274.023
Aix-les-Bains (Centre Commercial),45.65674,5.91252,Lyon Perrache (Central Bus Station),45.74875,4.82602,95,102.5152
Lyon Perrache (Central Bus Station),45.74875,4.82602,Aix-les-Bains (Centre Commercial),45.65674,5.91252,90,101.762
Aix-les-Bains (Centre Commercial),45.65674,5.91252,Annecy (Central Bus Station),45.90166,6.12032,30,37.3625
Annecy (Central Bus Station),45.90166,6.12032,Chambéry (Central Bus Station),45.56998,5.91742,45,0.0
Chambéry (Central Bus Station),45.56998,5.91742,Annecy (Central Bus Station),45.90166,6.12032,45,48.8452
Lyon Perrache (Central Bus Station),45.74875,4.82602,Clermont-Ferrand (bus terminal Les Salins),45.77076,3.08225,125,166.3595
Clermont-Ferrand (bus terminal Les Salins),45.77076,3.08225,Ussel,45.51243,2.25747,125,90.3759
Ussel,45.51243,2.25747,Tulle (Péage Nord),45.32849,1.76515,40,52.0752
Tulle (Péage Nord),45.32849,1.76515,Brive-la-Gaillarde (Centre Commercial Ouest),45.14592,1.48255,30,40.0131
Brive-la-Gaillarde (Centre Commercial Ouest),45.14592,1.48255,Montauban (Aussone),44.04471,1.38971,95,139.7394
Montauban (Aussone),44.04471,1.38971,Toulouse (Central Bus Station Pierre Sémard),43.61252,1.45261,55,57.7658
Toulouse (Central Bus Station Pierre Sémard),43.61252,1.45261,Montauban (Aussone),44.04471,1.38971,55,58.8939
Montauban (Aussone),44.04471,1.38971,Brive-la-Gaillarde (Centre Commercial Ouest),45.14592,1.48255,95,139.7699
Brive-la-Gaillarde (Centre Commercial Ouest),45.14592,1.48255,Tulle (Péage Nord),45.32849,1.76515,30,56.3608
Tulle (Péage Nord),45.32849,1.76515,Ussel,45.51243,2.25747,40,52.8332
Ussel,45.51243,2.25747,Clermont-Ferrand (bus terminal Les Salins),45.77076,3.08225,125,90.0911
Clermont-Ferrand (bus terminal Les Salins),45.77076,3.08225,Lyon Perrache (Central Bus Station),45.74875,4.82602,125,165.9137
Paris Charles de Gaulle (Central Bus Station - Terminal 3),49.01067,2.55926,Paris (Bercy Seine),48.83532,2.38052,35,29.7487
Calais (Bus Stop on Terminal Ferry),50.96679,1.86345,Paris (Bercy Seine),48.83532,2.38052,230,291.7998
Paris (Bercy Seine),48.83532,2.38052,Lyon Perrache (Central Bus Station),45.74875,4.82602,350,461.1157
Lyon Perrache (Central Bus Station),45.74875,4.82602,Chambéry (Central Bus Station),45.56998,5.91742,85,98.8057
Chambéry (Central Bus Station),45.56998,5.91742,Lyon Perrache (Central Bus Station),45.74875,4.82602,90,101.4257
Lyon Perrache (Central Bus Station),45.74875,4.82602,Paris (Bercy Seine),48.83532,2.38052,340,461.5035
Paris (Bercy Seine),48.83532,2.38052,Tours (Parking les Peupliers),47.38338,0.70235,180,237.1192
Tours (Parking les Peupliers),47.38338,0.70235,Poitiers (Central bus station),46.58451,0.33563,85,103.0882
Poitiers (Central bus station),46.58451,0.33563,Saintes,45.75549,-0.65154,110,138.2764
Saintes,45.75549,-0.65154,Bordeaux Saint-Jean,44.82982,-0.55521,85,117.9778
Bordeaux Saint-Jean,44.82982,-0.55521,Saintes,45.75549,-0.65154,85,121.3944
Saintes,45.75549,-0.65154,Poitiers (Central bus station),46.58451,0.33563,110,137.9482
Poitiers (Central bus station),46.58451,0.33563,Tours (Parking les Peupliers),47.38338,0.70235,85,103.5468
Tours (Parking les Peupliers),47.38338,0.70235,Paris (Bercy Seine),48.83532,2.38052,180,236.6605
Toulouse (Central Bus Station Pierre Sémard),43.61252,1.45261,Montauban (Aussone),44.04471,1.38971,55,58.8939
Montauban (Aussone),44.04471,1.38971,Limoges (central bus station),45.8359,1.26835,155,232.481
Limoges (central bus station),45.8359,1.26835,Orléans (Libération),47.91953,1.90349,190,270.2797
Orléans (Libération),47.91953,1.90349,Paris - Massy-Palaiseau (Bus station Vilmorin),48.72606,2.25714,85,110.3318
Paris - Massy-Palaiseau (Bus station Vilmorin),48.72606,2.25714,Paris (Bercy Seine),48.83532,2.38052,30,21.4011
Paris (Bercy Seine),48.83532,2.38052,Paris - Massy-Palaiseau (Bus station Vilmorin),48.72606,2.25714,30,23.0716
Paris - Massy-Palaiseau (Bus station Vilmorin),48.72606,2.25714,Orléans (Libération),47.91953,1.90349,80,109.7878
Orléans (Libération),47.91953,1.90349,Limoges (central bus station),45.8359,1.26835,195,269.3543
Limoges (central bus station),45.8359,1.26835,Montauban (Aussone),44.04471,1.38971,155,231.9097
Montauban (Aussone),44.04471,1.38971,Toulouse (Central Bus Station Pierre Sémard),43.61252,1.45261,55,57.7658
Toulouse (Blagnac Airport),43.63044,1.3745,Toulouse (Central Bus Station Pierre Sémard),43.61252,1.45261,20,4.5062
Toulouse (Central Bus Station Pierre Sémard),43.61252,1.45261,Cahors,44.45141,1.43959,85,113.5569
Cahors,44.45141,1.43959,Brive-la-Gaillarde (Centre Commercial Ouest),45.14592,1.48255,71,94.3591
Brive-la-Gaillarde (Centre Commercial Ouest),45.14592,1.48255,Limoges (central bus station),45.8359,1.26835,75,93.7926
Limoges (central bus station),45.8359,1.26835,Paris (Orly Airport),48.73156,2.37358,285,384.9905
Paris (Orly Airport),48.73156,2.37358,Paris (Bercy Seine),48.83532,2.38052,35,15.0458
Paris (Bercy Seine),48.83532,2.38052,Paris Charles de Gaulle (Central Bus Station - Terminal 3),49.01067,2.55926,50,30.2235
Paris Charles de Gaulle (Central Bus Station - Terminal 3),49.01067,2.55926,Paris (Bercy Seine),48.83532,2.38052,40,29.7487
Paris (Bercy Seine),48.83532,2.38052,Paris (Orly Airport),48.73156,2.37358,30,16.5344
Paris (Orly Airport),48.73156,2.37358,Limoges (central bus station),45.8359,1.26835,275,382.7921
Limoges (central bus station),45.8359,1.26835,Brive-la-Gaillarde (Centre Commercial Ouest),45.14592,1.48255,70,93.3387
Brive-la-Gaillarde (Centre Commercial Ouest),45.14592,1.48255,Cahors,44.45141,1.43959,75,94.425
Cahors,44.45141,1.43959,Toulouse (Central Bus Station Pierre Sémard),43.61252,1.45261,85,113.0532
Toulouse (Central Bus Station Pierre Sémard),43.61252,1.45261,Toulouse (Blagnac Airport),43.63044,1.3745,20,10.1453
Strasbourg,48.57418,7.75427,Metz (central bus station),49.11016,6.18377,110,165.2861
Metz (central bus station),49.11016,6.18377,Reims Champagne Ardenne TGV,49.21516,3.99451,130,195.2279
Reims Champagne Ardenne TGV,49.21516,3.99451,Paris (Gallieni),48.8656,2.41457,240,145.5732
Paris (Gallieni),48.8656,2.41457,Reims Champagne Ardenne TGV,49.21516,3.99451,115,146.1992
Reims Champagne Ardenne TGV,49.21516,3.99451,Metz (central bus station),49.11016,6.18377,155,193.0424
Metz (central bus station),49.11016,6.18377,Strasbourg,48.57418,7.75427,150,165.6578
Rennes (Central bus station),48.1039,-1.67062,Nantes Haluchère,47.24893,-1.52081,90,107.8647
Nantes Haluchère,47.24893,-1.52081,La Rochelle (Bus Station),46.16225,-1.15415,120,145.924
La Rochelle (Bus Station),46.16225,-1.15415,Bordeaux Saint-Jean,44.82982,-0.55521,150,188.1017
Bordeaux Saint-Jean,44.82982,-0.55521,Bayonne (Quai de Lesseps),43.49639,-1.47402,140,189.3088
Bayonne (Quai de Lesseps),43.49639,-1.47402,Bordeaux Saint-Jean,44.82982,-0.55521,140,189.3393
Bordeaux Saint-Jean,44.82982,-0.55521,La Rochelle (Bus Station),46.16225,-1.15415,135,191.7662
La Rochelle (Bus Station),46.16225,-1.15415,Nantes Haluchère,47.24893,-1.52081,120,143.0176
Nantes Haluchère,47.24893,-1.52081,Rennes (Central bus station),48.1039,-1.67062,90,107.4511
Bayonne (Quai de Lesseps),43.49639,-1.47402,Bordeaux Saint-Jean,44.82982,-0.55521,140,189.3393
Bordeaux Saint-Jean,44.82982,-0.55521,La Rochelle (Bus Station),46.16225,-1.15415,135,191.7662
La Rochelle (Bus Station),46.16225,-1.15415,Nantes Haluchère,47.24893,-1.52081,120,143.0176
Nantes Haluchère,47.24893,-1.52081,Rennes (Central bus station),48.1039,-1.67062,90,107.4511
Rennes (Central bus station),48.1039,-1.67062,Nantes Haluchère,47.24893,-1.52081,90,107.8647
Nantes Haluchère,47.24893,-1.52081,La Rochelle (Bus Station),46.16225,-1.15415,120,145.924
La Rochelle (Bus Station),46.16225,-1.15415,Bordeaux Saint-Jean,44.82982,-0.55521,150,188.1017
Bordeaux Saint-Jean,44.82982,-0.55521,Bayonne (Quai de Lesseps),43.49639,-1.47402,140,189.3088
Paris (Bercy Seine),48.83532,2.38052,Paris Charles de Gaulle (Central Bus Station - Terminal 3),49.01067,2.55926,50,30.2235
Paris Charles de Gaulle (Central Bus Station - Terminal 3),49.01067,2.55926,Lille,50.6392,3.0762,145,198.4901
Lille,50.6392,3.0762,Paris Charles de Gaulle (Central Bus Station - Terminal 3),49.01067,2.55926,135,197.8415
Paris Charles de Gaulle (Central Bus Station - Terminal 3),49.01067,2.55926,Paris (Bercy Seine),48.83532,2.38052,60,29.7487
Dijon (Université),47.30928,5.07161,Beaune (Péage Sud),47.00345,4.85347,30,40.2593
Beaune (Péage Sud),47.00345,4.85347,Chalon-sur-Saône (Gare routière),46.78099,4.84434,20,27.6228
Chalon-sur-Saône (Gare routière),46.78099,4.84434,Lyon Perrache (Central Bus Station),45.74875,4.82602,105,125.2231
Lyon Perrache (Central Bus Station),45.74875,4.82602,Grenoble (central bus station),45.19283,5.71394,95,104.4014
Grenoble (central bus station),45.19283,5.71394,Lyon Perrache (Central Bus Station),45.74875,4.82602,95,105.3058
Lyon Perrache (Central Bus Station),45.74875,4.82602,Chalon-sur-Saône (Gare routière),46.78099,4.84434,100,126.5073
Chalon-sur-Saône (Gare routière),46.78099,4.84434,Beaune (Péage Sud),47.00345,4.85347,25,26.971
Beaune (Péage Sud),47.00345,4.85347,Dijon (Université),47.30928,5.07161,30,42.4448
Grenoble (central bus station),45.19283,5.71394,Lyon Perrache (Central Bus Station),45.74875,4.82602,105,105.3058
Lyon Perrache (Central Bus Station),45.74875,4.82602,Beaune (Péage Sud),47.00345,4.85347,115,151.0466
Beaune (Péage Sud),47.00345,4.85347,Dijon (Université),47.30928,5.07161,30,42.4448
Lille,50.6392,3.0762,Paris (Bercy Seine),48.83532,2.38052,180,221.9624
Paris (Bercy Seine),48.83532,2.38052,Versailles (IC),48.80042,2.07517,30,29.7037
Versailles (IC),48.80042,2.07517,Orléans (Libération),47.91953,1.90349,90,115.4688
Orléans (Libération),47.91953,1.90349,Tours (Parking les Peupliers),47.38338,0.70235,90,121.8949
Tours (Parking les Peupliers),47.38338,0.70235,Poitiers (Central bus station),46.58451,0.33563,85,103.0882
Poitiers (Central bus station),46.58451,0.33563,Saintes,45.75549,-0.65154,130,138.2764
Saintes,45.75549,-0.65154,Poitiers (Central bus station),46.58451,0.33563,110,137.9482
Poitiers (Central bus station),46.58451,0.33563,Tours (Parking les Peupliers),47.38338,0.70235,85,103.5468
Tours (Parking les Peupliers),47.38338,0.70235,Orléans (Libération),47.91953,1.90349,90,121.4556
Orléans (Libération),47.91953,1.90349,Versailles (IC),48.80042,2.07517,90,115.147
Versailles (IC),48.80042,2.07517,Paris (Bercy Seine),48.83532,2.38052,30,28.9006
Paris (Bercy Seine),48.83532,2.38052,Lille,50.6392,3.0762,180,223.7503
Saintes,45.75549,-0.65154,Poitiers (Central bus station),46.58451,0.33563,110,137.9482
Poitiers (Central bus station),46.58451,0.33563,Tours (Parking les Peupliers),47.38338,0.70235,85,103.5468
Tours (Parking les Peupliers),47.38338,0.70235,Orléans (Libération),47.91953,1.90349,90,121.4556
Orléans (Libération),47.91953,1.90349,Versailles (IC),48.80042,2.07517,90,115.147
Versailles (IC),48.80042,2.07517,Paris (Bercy Seine),48.83532,2.38052,30,28.9006
Paris (Bercy Seine),48.83532,2.38052,Versailles (IC),48.80042,2.07517,30,29.7037
Versailles (IC),48.80042,2.07517,Orléans (Libération),47.91953,1.90349,90,115.4688
Orléans (Libération),47.91953,1.90349,Tours (Parking les Peupliers),47.38338,0.70235,90,121.8949
Tours (Parking les Peupliers),47.38338,0.70235,Poitiers (Central bus station),46.58451,0.33563,85,103.0882
Poitiers (Central bus station),46.58451,0.33563,Saintes,45.75549,-0.65154,130,138.2764
Lyon Perrache (Central Bus Station),45.74875,4.82602,Bellegarde (Péage),46.11511,5.7949,90,110.4847
Bellegarde (Péage),46.11511,5.7949,Lyon Perrache (Central Bus Station),45.74875,4.82602,85,110.2417
Paris (Bercy Seine),48.83532,2.38052,Paris (Orly Airport),48.73156,2.37358,30,16.5344
Paris (Orly Airport),48.73156,2.37358,Bordeaux Saint-Jean,44.82982,-0.55521,400,575.7751
Bordeaux Saint-Jean,44.82982,-0.55521,Bayonne (Quai de Lesseps),43.49639,-1.47402,140,189.3088
Bayonne (Quai de Lesseps),43.49639,-1.47402,Biarritz (Centre),43.47716,-1.55287,20,8.618
Biarritz (Centre),43.47716,-1.55287,Bayonne (Quai de Lesseps),43.49639,-1.47402,15,8.0387
Bayonne (Quai de Lesseps),43.49639,-1.47402,Bordeaux Saint-Jean,44.82982,-0.55521,135,189.3393
Bordeaux Saint-Jean,44.82982,-0.55521,Paris (Orly Airport),48.73156,2.37358,416,580.3904
Paris (Orly Airport),48.73156,2.37358,Paris (Bercy Seine),48.83532,2.38052,35,15.0458
Paris (Bercy Seine),48.83532,2.38052,Reims Champagne Ardenne TGV,49.21516,3.99451,110,145.1097
Reims Champagne Ardenne TGV,49.21516,3.99451,Metz (central bus station),49.11016,6.18377,135,193.0424
Metz (central bus station),49.11016,6.18377,Reims Champagne Ardenne TGV,49.21516,3.99451,170,195.2279
Reims Champagne Ardenne TGV,49.21516,3.99451,Paris (Bercy Seine),48.83532,2.38052,105,143.9124
Paris (Bercy Seine),48.83532,2.38052,Paris (Orly Airport),48.73156,2.37358,35,16.5344
Paris (Orly Airport),48.73156,2.37358,Orléans (Libération),47.91953,1.90349,90,120.6895
Orléans (Libération),47.91953,1.90349,Bourges (central bus station),47.08247,2.3867,110,124.2945
Bourges (central bus station),47.08247,2.3867,Clermont-Ferrand (bus terminal Les Salins),45.77076,3.08225,150,191.8483
Clermont-Ferrand (bus terminal Les Salins),45.77076,3.08225,Perpignan (Central Bus station),42.69502,2.87907,320,433.0712
Perpignan (Central Bus station),42.69502,2.87907,Clermont-Ferrand (bus terminal Les Salins),45.77076,3.08225,315,5.4927
Clermont-Ferrand (bus terminal Les Salins),45.77076,3.08225,Bourges (central bus station),47.08247,2.3867,140,191.4524
Bourges (central bus station),47.08247,2.3867,Orléans (Libération),47.91953,1.90349,110,124.317
Orléans (Libération),47.91953,1.90349,Paris (Orly Airport),48.73156,2.37358,90,121.3558
Paris (Orly Airport),48.73156,2.37358,Paris (Bercy Seine),48.83532,2.38052,25,15.0458
Montpellier (Sabines),43.58393,3.86023,Toulouse (Central Bus Station Pierre Sémard),43.61252,1.45261,170,239.0375
Toulouse (Central Bus Station Pierre Sémard),43.61252,1.45261,Agen (Exit A62),44.16644,0.60633,85,110.1081
Agen (Exit A62),44.16644,0.60633,Bordeaux Saint-Jean,44.82982,-0.55521,90,132.8369
Bordeaux Saint-Jean,44.82982,-0.55521,Nantes Haluchère,47.24893,-1.52081,250,358.1837
Nantes Haluchère,47.24893,-1.52081,Rennes (Central bus station),48.1039,-1.67062,95,107.4511
Rennes (Central bus station),48.1039,-1.67062,Saint-Malo (Esplanade de la Bourse),48.64613,-2.02546,65,72.3175
Saint-Malo (Esplanade de la Bourse),48.64613,-2.02546,Rennes (Central bus station),48.1039,-1.67062,70,71.986
Rennes (Central bus station),48.1039,-1.67062,Nantes Haluchère,47.24893,-1.52081,80,107.8647
Nantes Haluchère,47.24893,-1.52081,Bordeaux Saint-Jean,44.82982,-0.55521,250,356.9718
Bordeaux Saint-Jean,44.82982,-0.55521,Agen (Exit A62),44.16644,0.60633,90,134.1469
Agen (Exit A62),44.16644,0.60633,Toulouse (Central Bus Station Pierre Sémard),43.61252,1.45261,85,109.8635
Toulouse (Central Bus Station Pierre Sémard),43.61252,1.45261,Montpellier (Sabines),43.58393,3.86023,165,239.4044
Bordeaux Saint-Jean,44.82982,-0.55521,Agen (Exit A62),44.16644,0.60633,95,134.1469
Agen (Exit A62),44.16644,0.60633,Toulouse (Central Bus Station Pierre Sémard),43.61252,1.45261,85,109.8635
Toulouse (Central Bus Station Pierre Sémard),43.61252,1.45261,Narbonne (Croix Sud),43.16527,2.98845,125,149.8058
Narbonne (Croix Sud),43.16527,2.98845,Montpellier (Sabines),43.58393,3.86023,65,91.1983
Montpellier (Sabines),43.58393,3.86023,Aire de Service d'Ambrussum Sud,43.71208,4.13054,25,28.3615
Aire de Service d'Ambrussum Sud,43.71208,4.13054,Nîmes (P+R Parnasse),43.81743,4.36218,25,25.4437
Nîmes (P+R Parnasse),43.81743,4.36218,Marseille (central bus station St Charles),43.30408,5.37999,90,119.7191
Marseille (central bus station St Charles),43.30408,5.37999,Toulon (Central Bus Station),43.12779,5.93074,60,66.5979
Toulon (Central Bus Station),43.12779,5.93074,Marseille (central bus station St Charles),43.30408,5.37999,70,65.4295
Marseille (central bus station St Charles),43.30408,5.37999,Nîmes (P+R Parnasse),43.81743,4.36218,90,118.6215
Nîmes (P+R Parnasse),43.81743,4.36218,Montpellier (Sabines),43.58393,3.86023,80,53.1727
Montpellier (Sabines),43.58393,3.86023,Narbonne (Croix Sud),43.16527,2.98845,65,90.421
Narbonne (Croix Sud),43.16527,2.98845,Toulouse (Central Bus Station Pierre Sémard),43.61252,1.45261,115,149.5386
Toulouse (Central Bus Station Pierre Sémard),43.61252,1.45261,Agen (Exit A62),44.16644,0.60633,85,110.1081
Agen (Exit A62),44.16644,0.60633,Bordeaux Saint-Jean,44.82982,-0.55521,100,132.8369
Lille,50.6392,3.0762,Paris (Bercy Seine),48.83532,2.38052,180,221.9624
Paris (Bercy Seine),48.83532,2.38052,Lille,50.6392,3.0762,170,223.7503
Paris Charles de Gaulle (Central Bus Station - Terminal 3),49.01067,2.55926,Paris (Bercy Seine),48.83532,2.38052,70,29.7487
Paris (Bercy Seine),48.83532,2.38052,Paris Charles de Gaulle (Central Bus Station - Terminal 3),49.01067,2.55926,45,30.2235
Paris (Bercy Seine),48.83532,2.38052,Poitiers Futuroscope (Gare TGV),46.66958,0.37564,245,327.965
Poitiers Futuroscope (Gare TGV),46.66958,0.37564,Bordeaux Saint-Jean,44.82982,-0.55521,205,260.783
Bordeaux Saint-Jean,44.82982,-0.55521,Poitiers Futuroscope (Gare TGV),46.66958,0.37564,205,265.9006
Poitiers Futuroscope (Gare TGV),46.66958,0.37564,Paris (Bercy Seine),48.83532,2.38052,245,325.7554
Strasbourg,48.57418,7.75427,Metz (central bus station),49.11016,6.18377,120,165.2861
Metz (central bus station),49.11016,6.18377,Strasbourg,48.57418,7.75427,120,165.6578
Vannes (Central bus station),47.66492,-2.75143,Nantes Haluchère,47.24893,-1.52081,85,112.7281
Nantes Haluchère,47.24893,-1.52081,Angers (central bus station),47.46502,-0.55917,80,86.5924
Angers (central bus station),47.46502,-0.55917,Saumur Nord -Vivy,47.31008,-0.03161,40,58.7217
Saumur Nord -Vivy,47.31008,-0.03161,Tours (Parking les Peupliers),47.38338,0.70235,50,79.1765
Tours (Parking les Peupliers),47.38338,0.70235,Clermont-Ferrand (bus terminal Les Salins),45.77076,3.08225,266,340.9862
Clermont-Ferrand (bus terminal Les Salins),45.77076,3.08225,Lyon Perrache (Central Bus Station),45.74875,4.82602,125,165.9137
Lyon Perrache (Central Bus Station),45.74875,4.82602,Grenoble (central bus station),45.19283,5.71394,110,104.4014
Brest,48.38771,-4.48221,Quimper (Central bus station),47.99469,-4.09378,60,73.3314
Quimper (Central bus station),47.99469,-4.09378,Lorient (central bus station),47.75536,-3.36449,60,66.1424
Lorient (central bus station),47.75536,-3.36449,Auray - Pluneret,47.66805,-2.95515,40,40.2996
Auray - Pluneret,47.66805,-2.95515,Vannes (Central bus station),47.66492,-2.75143,20,17.9458
Vannes (Central bus station),47.66492,-2.75143,Nantes Haluchère,47.24893,-1.52081,85,112.7281
Nantes Haluchère,47.24893,-1.52081,Angers (central bus station),47.46502,-0.55917,80,86.5924
Angers (central bus station),47.46502,-0.55917,Saumur Nord -Vivy,47.31008,-0.03161,40,58.7217
Saumur Nord -Vivy,47.31008,-0.03161,Tours (Parking les Peupliers),47.38338,0.70235,50,79.1765
Tours (Parking les Peupliers),47.38338,0.70235,Clermont-Ferrand (bus terminal Les Salins),45.77076,3.08225,266,340.9862
Clermont-Ferrand (bus terminal Les Salins),45.77076,3.08225,Lyon Perrache (Central Bus Station),45.74875,4.82602,125,165.9137
Lyon Perrache (Central Bus Station),45.74875,4.82602,Grenoble (central bus station),45.19283,5.71394,110,104.4014
Grenoble (central bus station),45.19283,5.71394,Lyon Perrache (Central Bus Station),45.74875,4.82602,85,105.3058
Lyon Perrache (Central Bus Station),45.74875,4.82602,Clermont-Ferrand (bus terminal Les Salins),45.77076,3.08225,135,166.3595
Clermont-Ferrand (bus terminal Les Salins),45.77076,3.08225,Tours (Parking les Peupliers),47.38338,0.70235,260,341.5157
Tours (Parking les Peupliers),47.38338,0.70235,Saumur Nord -Vivy,47.31008,-0.03161,50,70.9334
Saumur Nord -Vivy,47.31008,-0.03161,Angers (central bus station),47.46502,-0.55917,40,61.1744
Angers (central bus station),47.46502,-0.55917,Nantes Haluchère,47.24893,-1.52081,80,82.9569
Nantes Haluchère,47.24893,-1.52081,Vannes (Central bus station),47.66492,-2.75143,100,114.1218
Vannes (Central bus station),47.66492,-2.75143,Auray - Pluneret,47.66805,-2.95515,20,16.631
Auray - Pluneret,47.66805,-2.95515,Lorient (central bus station),47.75536,-3.36449,40,41.5645
Lorient (central bus station),47.75536,-3.36449,Quimper (Central bus station),47.99469,-4.09378,55,68.4116
Quimper (Central bus station),47.99469,-4.09378,Brest,48.38771,-4.48221,65,71.6061
Grenoble (central bus station),45.19283,5.71394,Lyon Perrache (Central Bus Station),45.74875,4.82602,85,105.3058
Lyon Perrache (Central Bus Station),45.74875,4.82602,Clermont-Ferrand (bus terminal Les Salins),45.77076,3.08225,135,166.3595
Clermont-Ferrand (bus terminal Les Salins),45.77076,3.08225,Tours (Parking les Peupliers),47.38338,0.70235,260,341.5157
Tours (Parking les Peupliers),47.38338,0.70235,Saumur Nord -Vivy,47.31008,-0.03161,50,70.9334
Saumur Nord -Vivy,47.31008,-0.03161,Angers (central bus station),47.46502,-0.55917,40,61.1744
Angers (central bus station),47.46502,-0.55917,Nantes Haluchère,47.24893,-1.52081,80,82.9569
Nantes Haluchère,47.24893,-1.52081,Vannes (Central bus station),47.66492,-2.75143,100,114.1218
Paris Charles de Gaulle (Central Bus Station - Terminal 3),49.01067,2.55926,Paris (Bercy Seine),48.83532,2.38052,60,29.7487
Paris (Bercy Seine),48.83532,2.38052,Paris (Orly Airport),48.73156,2.37358,30,16.5344
Paris (Orly Airport),48.73156,2.37358,Le Mans,48.01747,0.14949,150,200.1686
Le Mans,48.01747,0.14949,Angers (central bus station),47.46502,-0.55917,65,92.18
Angers (central bus station),47.46502,-0.55917,Nantes Haluchère,47.24893,-1.52081,60,82.9569
Nantes Haluchère,47.24893,-1.52081,La Roche sur Yon,46.67306,-1.43512,55,75.2175
La Roche sur Yon,46.67306,-1.43512,La Rochelle (Bus Station),46.16225,-1.15415,85,84.5115
La Rochelle (Bus Station),46.16225,-1.15415,Rochefort,45.94704,-0.96317,30,38.0497
Rochefort,45.94704,-0.96317,La Rochelle (Bus Station),46.16225,-1.15415,30,38.2509
La Rochelle (Bus Station),46.16225,-1.15415,La Roche sur Yon,46.67306,-1.43512,90,85.5785
La Roche sur Yon,46.67306,-1.43512,Nantes Haluchère,47.24893,-1.52081,65,75.2932
Nantes Haluchère,47.24893,-1.52081,Angers (central bus station),47.46502,-0.55917,60,86.5924
Angers (central bus station),47.46502,-0.55917,Le Mans,48.01747,0.14949,65,92.2363
Le Mans,48.01747,0.14949,Paris (Orly Airport),48.73156,2.37358,150,201.6315
Paris (Orly Airport),48.73156,2.37358,Paris (Bercy Seine),48.83532,2.38052,30,15.0458
Paris (Bercy Seine),48.83532,2.38052,Paris Charles de Gaulle (Central Bus Station - Terminal 3),49.01067,2.55926,55,30.2235
Lyon Perrache (Central Bus Station),45.74875,4.82602,Aix-les-Bains (Centre Commercial),45.65674,5.91252,90,101.762
Aix-les-Bains (Centre Commercial),45.65674,5.91252,Annecy (Central Bus Station),45.90166,6.12032,30,37.3625
Annecy (Central Bus Station),45.90166,6.12032,Aix-les-Bains (Centre Commercial),45.65674,5.91252,30,274.023
Aix-les-Bains (Centre Commercial),45.65674,5.91252,Lyon Perrache (Central Bus Station),45.74875,4.82602,90,102.5152
Grenoble (central bus station),45.19283,5.71394,Lyon Saint Exupéry Airport,45.7185,5.07898,65,90.5192
Lyon Saint Exupéry Airport,45.7185,5.07898,Lyon Perrache (Central Bus Station),45.74875,4.82602,40,28.722
Lyon Perrache (Central Bus Station),45.74875,4.82602,Grenoble (central bus station),45.19283,5.71394,95,104.4014
Lyon Perrache (Central Bus Station),45.74875,4.82602,Lyon Saint Exupéry Airport,45.7185,5.07898,45,27.1529
Lyon Saint Exupéry Airport,45.7185,5.07898,Grenoble (central bus station),45.19283,5.71394,65,92.2766
Nice Airport (Bus Station - Terminal 2),43.66021,7.20486,Cannes (Le Cannet),43.5707,7.01485,30,25.3375
Cannes (Le Cannet),43.5707,7.01485,Aix-en-Provence (Parking Krypton),43.51099,5.44762,110,149.2473
Aix-en-Provence (Parking Krypton),43.51099,5.44762,Nîmes (P+R Parnasse),43.81743,4.36218,90,102.6729
Nîmes (P+R Parnasse),43.81743,4.36218,Montpellier (Sabines),43.58393,3.86023,55,53.1727
Montpellier (Sabines),43.58393,3.86023,Narbonne (Croix Sud),43.16527,2.98845,70,90.421
Narbonne (Croix Sud),43.16527,2.98845,Toulouse (Central Bus Station Pierre Sémard),43.61252,1.45261,130,149.5386
Toulouse (Central Bus Station Pierre Sémard),43.61252,1.45261,Narbonne (Croix Sud),43.16527,2.98845,115,149.8058
Narbonne (Croix Sud),43.16527,2.98845,Montpellier (Sabines),43.58393,3.86023,70,91.1983
Montpellier (Sabines),43.58393,3.86023,Nîmes (P+R Parnasse),43.81743,4.36218,60,53.8036
Nîmes (P+R Parnasse),43.81743,4.36218,Aix-en-Provence (Parking Krypton),43.51099,5.44762,85,102.7888
Aix-en-Provence (Parking Krypton),43.51099,5.44762,Cannes (Le Cannet),43.5707,7.01485,120,147.2308
Cannes (Le Cannet),43.5707,7.01485,Nice Airport (Bus Station - Terminal 2),43.66021,7.20486,25,25.7897
Strasbourg,48.57418,7.75427,Metz (central bus station),49.11016,6.18377,120,165.2861
Metz (central bus station),49.11016,6.18377,Reims Champagne Ardenne TGV,49.21516,3.99451,135,195.2279
Reims Champagne Ardenne TGV,49.21516,3.99451,Paris (Gallieni),48.8656,2.41457,100,145.5732
Paris (Gallieni),48.8656,2.41457,Reims Champagne Ardenne TGV,49.21516,3.99451,90,146.1992
Reims Champagne Ardenne TGV,49.21516,3.99451,Metz (central bus station),49.11016,6.18377,120,193.0424
Metz (central bus station),49.11016,6.18377,Strasbourg,48.57418,7.75427,120,165.6578
Chambéry (Central Bus Station),45.56998,5.91742,Lyon Perrache (Central Bus Station),45.74875,4.82602,85,101.4257
Lyon Perrache (Central Bus Station),45.74875,4.82602,Paris (Bercy Seine),48.83532,2.38052,335,461.5035
Paris (Bercy Seine),48.83532,2.38052,Lyon Perrache (Central Bus Station),45.74875,4.82602,330,461.1157
Lyon Perrache (Central Bus Station),45.74875,4.82602,Chambéry (Central Bus Station),45.56998,5.91742,90,98.8057
Perpignan (Central Bus station),42.69502,2.87907,Toulouse (Central Bus Station Pierre Sémard),43.61252,1.45261,195,0.0
Toulouse (Central Bus Station Pierre Sémard),43.61252,1.45261,Agen (Exit A62),44.16644,0.60633,85,110.1081
Agen (Exit A62),44.16644,0.60633,Bordeaux Saint-Jean,44.82982,-0.55521,95,132.8369
Bordeaux Saint-Jean,44.82982,-0.55521,Agen (Exit A62),44.16644,0.60633,95,134.1469
Agen (Exit A62),44.16644,0.60633,Toulouse (Central Bus Station Pierre Sémard),43.61252,1.45261,85,109.8635
Toulouse (Central Bus Station Pierre Sémard),43.61252,1.45261,Perpignan (Central Bus station),42.69502,2.87907,195,206.5835
Strasbourg,48.57418,7.75427,Mulhouse (bus station),47.74208,7.34194,90,115.7231
Mulhouse (bus station),47.74208,7.34194,Belfort,47.6297,6.85617,55,46.7917
Belfort,47.6297,6.85617,Besançon,47.24691,6.0226,75,95.9362
Besançon,47.24691,6.0226,Lyon Perrache (Central Bus Station),45.74875,4.82602,195,255.4432
Lyon Perrache (Central Bus Station),45.74875,4.82602,Avignon (Le Pontet),43.96063,4.85594,160,223.1033
Avignon (Le Pontet),43.96063,4.85594,Aix-en-Provence (Parking Krypton),43.51099,5.44762,70,82.1361
Aix-en-Provence (Parking Krypton),43.51099,5.44762,Marseille (central bus station St Charles),43.30408,5.37999,30,30.1028
Marseille (central bus station St Charles),43.30408,5.37999,Aix-en-Provence (Parking Krypton),43.51099,5.44762,25,30.6709
Aix-en-Provence (Parking Krypton),43.51099,5.44762,Avignon (Le Pontet),43.96063,4.85594,75,82.6366
Avignon (Le Pontet),43.96063,4.85594,Lyon Perrache (Central Bus Station),45.74875,4.82602,170,224.304
Lyon Perrache (Central Bus Station),45.74875,4.82602,Besançon,47.24691,6.0226,195,255.9598
Besançon,47.24691,6.0226,Belfort,47.6297,6.85617,70,95.7576
Belfort,47.6297,6.85617,Mulhouse (bus station),47.74208,7.34194,55,47.4338
Mulhouse (bus station),47.74208,7.34194,Strasbourg,48.57418,7.75427,90,114.5467
Bordeaux Saint-Jean,44.82982,-0.55521,Niort (Pied de Fond),46.30729,-0.48525,135,189.9042
Niort (Pied de Fond),46.30729,-0.48525,Nantes Haluchère,47.24893,-1.52081,120,150.2065
Nantes Haluchère,47.24893,-1.52081,Vannes (Central bus station),47.66492,-2.75143,85,114.1218
Vannes (Central bus station),47.66492,-2.75143,Auray - Pluneret,47.66805,-2.95515,15,16.631
Auray - Pluneret,47.66805,-2.95515,Lorient (central bus station),47.75536,-3.36449,35,41.5645
Lorient (central bus station),47.75536,-3.36449,Auray - Pluneret,47.66805,-2.95515,35,40.2996
Auray - Pluneret,47.66805,-2.95515,Vannes (Central bus station),47.66492,-2.75143,20,17.9458
Vannes (Central bus station),47.66492,-2.75143,Nantes Haluchère,47.24893,-1.52081,80,112.7281
Nantes Haluchère,47.24893,-1.52081,Niort (Pied de Fond),46.30729,-0.48525,110,148.6326
Niort (Pied de Fond),46.30729,-0.48525,Bordeaux Saint-Jean,44.82982,-0.55521,130,186.3009
Bellegarde (Péage),46.11511,5.7949,Lyon Perrache (Central Bus Station),45.74875,4.82602,100,110.2417
Lyon Perrache (Central Bus Station),45.74875,4.82602,Bellegarde (Péage),46.11511,5.7949,105,110.4847
La Roche Sur Foron,46.06715,6.3127,Annecy (Gare Routière Sud),45.9017,6.12168,30,36.9087
Annecy (Gare Routière Sud),45.9017,6.12168,Chambéry (Place de la Gare),45.57058,5.91973,30,49.3699
Chambéry (Place de la Gare),45.57058,5.91973,Grenoble (Eurolines),45.19272,5.7143,45,59.0613
Grenoble (Eurolines),45.19272,5.7143,Lyon Perrache (Eurolines),45.74916,4.82632,80,105.1738
Lyon Perrache (Eurolines),45.74916,4.82632,Grenoble (Eurolines),45.19272,5.7143,80,104.4738
Grenoble (Eurolines),45.19272,5.7143,Chambéry (Place de la Gare),45.57058,5.91973,45,59.7051
Chambéry (Place de la Gare),45.57058,5.91973,Annecy (Gare Routière Sud),45.9017,6.12168,30,47.7444
Annecy (Gare Routière Sud),45.9017,6.12168,La Roche Sur Foron,46.06715,6.3127,30,35.7934
Nice Airport (Bus Station - Terminal 2),43.66021,7.20486,Toulon (Central Bus Station),43.12779,5.93074,115,143.3732
Toulon (Central Bus Station),43.12779,5.93074,Marseille (central bus station St Charles),43.30408,5.37999,90,65.4295
Marseille (central bus station St Charles),43.30408,5.37999,Aix-en-Provence (Parking Krypton),43.51099,5.44762,35,30.6709
Aix-en-Provence (Parking Krypton),43.51099,5.44762,Avignon (Le Pontet),43.96063,4.85594,75,82.6366
Avignon (Le Pontet),43.96063,4.85594,Nîmes (P+R Parnasse),43.81743,4.36218,45,52.4083
Nîmes (P+R Parnasse),43.81743,4.36218,Montpellier (Sabines),43.58393,3.86023,50,53.1727
Montpellier (Sabines),43.58393,3.86023,Béziers (de Gaulle),43.34534,3.21799,60,66.1618
Béziers (de Gaulle),43.34534,3.21799,Narbonne (Central bus station),43.18833,3.00335,30,27.2623
Narbonne (Central bus station),43.18833,3.00335,Toulouse (Central Bus Station Pierre Sémard),43.61252,1.45261,110,152.8764
Toulouse (Central Bus Station Pierre Sémard),43.61252,1.45261,Agen (Exit A62),44.16644,0.60633,80,110.1081
Agen (Exit A62),44.16644,0.60633,Bordeaux Saint-Jean,44.82982,-0.55521,95,132.8369
Bordeaux Saint-Jean,44.82982,-0.55521,Agen (Exit A62),44.16644,0.60633,95,134.1469
Agen (Exit A62),44.16644,0.60633,Toulouse (Central Bus Station Pierre Sémard),43.61252,1.45261,80,109.8635
Toulouse (Central Bus Station Pierre Sémard),43.61252,1.45261,Narbonne (Central bus station),43.18833,3.00335,110,152.9553
Narbonne (Central bus station),43.18833,3.00335,Béziers (de Gaulle),43.34534,3.21799,35,29.1436
Béziers (de Gaulle),43.34534,3.21799,Montpellier (Sabines),43.58393,3.86023,60,67.9159
Montpellier (Sabines),43.58393,3.86023,Nîmes (P+R Parnasse),43.81743,4.36218,50,53.8036
Nîmes (P+R Parnasse),43.81743,4.36218,Avignon (Le Pontet),43.96063,4.85594,45,53.052
Avignon (Le Pontet),43.96063,4.85594,Aix-en-Provence (Parking Krypton),43.51099,5.44762,80,82.1361
Aix-en-Provence (Parking Krypton),43.51099,5.44762,Marseille (central bus station St Charles),43.30408,5.37999,40,30.1028
Marseille (central bus station St Charles),43.30408,5.37999,Toulon (Central Bus Station),43.12779,5.93074,75,66.5979
Toulon (Central Bus Station),43.12779,5.93074,Nice Airport (Bus Station - Terminal 2),43.66021,7.20486,115,1075.4071
Lyon Perrache (Central Bus Station),45.74875,4.82602,Grenoble (central bus station),45.19283,5.71394,95,104.4014
Grenoble (central bus station),45.19283,5.71394,Lyon Perrache (Central Bus Station),45.74875,4.82602,95,105.3058
Clermont-Ferrand (bus terminal Les Salins),45.77076,3.08225,Lyon Perrache (Central Bus Station),45.74875,4.82602,130,165.9137
Lyon Perrache (Central Bus Station),45.74875,4.82602,Clermont-Ferrand (bus terminal Les Salins),45.77076,3.08225,125,166.3595
Paris (Bercy Seine),48.83532,2.38052,Paris (Pont de Sèvres),48.82971,2.22978,50,15.3982
Paris (Pont de Sèvres),48.82971,2.22978,Angers (central bus station),47.46502,-0.55917,235,288.4637
Angers (central bus station),47.46502,-0.55917,Nantes Haluchère,47.24893,-1.52081,65,82.9569
Nantes Haluchère,47.24893,-1.52081,Vannes (Central bus station),47.66492,-2.75143,90,114.1218
Vannes (Central bus station),47.66492,-2.75143,Auray - Pluneret,47.66805,-2.95515,15,16.631
Auray - Pluneret,47.66805,-2.95515,Lorient (central bus station),47.75536,-3.36449,35,41.5645
Lorient (central bus station),47.75536,-3.36449,Auray - Pluneret,47.66805,-2.95515,35,40.2996
Auray - Pluneret,47.66805,-2.95515,Vannes (Central bus station),47.66492,-2.75143,15,17.9458
Vannes (Central bus station),47.66492,-2.75143,Nantes Haluchère,47.24893,-1.52081,80,112.7281
Nantes Haluchère,47.24893,-1.52081,Angers (central bus station),47.46502,-0.55917,65,86.5924
Angers (central bus station),47.46502,-0.55917,Paris (Pont de Sèvres),48.82971,2.22978,245,288.5071
Paris (Pont de Sèvres),48.82971,2.22978,Paris (Bercy Seine),48.83532,2.38052,45,16.3799
Clermont-Ferrand (bus terminal Les Salins),45.77076,3.08225,Thiers (Péage A89),45.86032,3.50309,30,38.444
Thiers (Péage A89),45.86032,3.50309,Lyon Perrache (Central Bus Station),45.74875,4.82602,100,127.4697
Lyon Perrache (Central Bus Station),45.74875,4.82602,Lyon Saint Exupéry Airport,45.7185,5.07898,40,27.1529
Lyon Saint Exupéry Airport,45.7185,5.07898,Grenoble (central bus station),45.19283,5.71394,65,92.2766
Grenoble (central bus station),45.19283,5.71394,Lyon Saint Exupéry Airport,45.7185,5.07898,70,90.5192
Lyon Saint Exupéry Airport,45.7185,5.07898,Lyon Perrache (Central Bus Station),45.74875,4.82602,45,28.722
Lyon Perrache (Central Bus Station),45.74875,4.82602,Thiers (Péage A89),45.86032,3.50309,95,127.9992
Thiers (Péage A89),45.86032,3.50309,Clermont-Ferrand (bus terminal Les Salins),45.77076,3.08225,30,64.6055
Perpignan (Central Bus station),42.69502,2.87907,Montpellier (Sabines),43.58393,3.86023,115,1.0461
Montpellier (Sabines),43.58393,3.86023,Avignon (Le Pontet),43.96063,4.85594,84,100.2975
Avignon (Le Pontet),43.96063,4.85594,Besançon,47.24691,6.0226,330,474.9753
Besançon,47.24691,6.0226,Mulhouse (bus station),47.74208,7.34194,100,139.3869
Mulhouse (bus station),47.74208,7.34194,Besançon,47.24691,6.0226,95,139.5993
Besançon,47.24691,6.0226,Avignon (Le Pontet),43.96063,4.85594,330,475.6786
Avignon (Le Pontet),43.96063,4.85594,Montpellier (Sabines),43.58393,3.86023,85,100.3201
Montpellier (Sabines),43.58393,3.86023,Perpignan (Central Bus station),42.69502,2.87907,115,151.3121
Bordeaux Saint-Jean,44.82982,-0.55521,Paris (Bercy Seine),48.83532,2.38052,410,585.8864
Paris (Bercy Seine),48.83532,2.38052,Bordeaux Saint-Jean,44.82982,-0.55521,410,582.7451
Paris (Bercy Seine),48.83532,2.38052,Paris Charles de Gaulle (Central Bus Station - Terminal 3),49.01067,2.55926,50,30.2235
Paris Charles de Gaulle (Central Bus Station - Terminal 3),49.01067,2.55926,Paris (Bercy Seine),48.83532,2.38052,50,29.7487
Paris Charles de Gaulle (Central Bus Station - Terminal 3),49.01067,2.55926,Paris Porte de Saint Ouen,48.90109,2.3318,45,24.2367
Paris Porte de Saint Ouen,48.90109,2.3318,Le Havre (central bus station),49.49224,0.12615,160,192.9748
Le Havre (central bus station),49.49224,0.12615,Paris Porte de Saint Ouen,48.90109,2.3318,160,196.406
Paris Porte de Saint Ouen,48.90109,2.3318,Paris (Bercy Seine),48.83532,2.38052,40,15.7812
Paris (Bercy Seine),48.83532,2.38052,Paris Porte de Saint Ouen,48.90109,2.3318,40,9.6512
Paris Porte de Saint Ouen,48.90109,2.3318,Le Havre (central bus station),49.49224,0.12615,155,192.9748
Paris Charles de Gaulle (Central Bus Station - Terminal 3),49.01067,2.55926,Paris La Défense (Terminal Jules Verne),48.89147,2.24247,45,30.5631
Paris La Défense (Terminal Jules Verne),48.89147,2.24247,Le Havre (central bus station),49.49224,0.12615,135,185.942
Le Havre (central bus station),49.49224,0.12615,Paris Porte de Saint Ouen,48.90109,2.3318,160,196.406
Paris Porte de Saint Ouen,48.90109,2.3318,Paris Charles de Gaulle (Central Bus Station - Terminal 3),49.01067,2.55926,40,24.0967
Paris (Bercy Seine),48.83532,2.38052,Paris La Défense (Terminal Jules Verne),48.89147,2.24247,40,12.7315
Paris La Défense (Terminal Jules Verne),48.89147,2.24247,Le Havre (central bus station),49.49224,0.12615,140,185.942
Le Havre (central bus station),49.49224,0.12615,Paris La Défense (Terminal Jules Verne),48.89147,2.24247,140,186.9929
Paris La Défense (Terminal Jules Verne),48.89147,2.24247,Paris Charles de Gaulle (Central Bus Station - Terminal 3),49.01067,2.55926,50,28.9457
Le Havre (central bus station),49.49224,0.12615,Paris Porte de Saint Ouen,48.90109,2.3318,160,196.406
Paris Porte de Saint Ouen,48.90109,2.3318,Le Havre (central bus station),49.49224,0.12615,155,192.9748
Le Havre (central bus station),49.49224,0.12615,Paris La Défense (Terminal Jules Verne),48.89147,2.24247,140,186.9929
Le Havre (central bus station),49.49224,0.12615,Paris La Défense (Terminal Jules Verne),48.89147,2.24247,140,186.9929
Paris La Défense (Terminal Jules Verne),48.89147,2.24247,Paris (Bercy Seine),48.83532,2.38052,40,14.4262
Paris La Défense (Terminal Jules Verne),48.89147,2.24247,Le Havre (central bus station),49.49224,0.12615,140,185.942
Le Havre (central bus station),49.49224,0.12615,Paris La Défense (Terminal Jules Verne),48.89147,2.24247,140,186.9929
Paris La Défense (Terminal Jules Verne),48.89147,2.24247,Paris Porte de Saint Ouen,48.90109,2.3318,20,10.987
Le Havre (central bus station),49.49224,0.12615,Paris (Bercy Seine),48.83532,2.38052,190,205.4843
Paris Porte de Saint Ouen,48.90109,2.3318,Paris La Défense (Terminal Jules Verne),48.89147,2.24247,20,8.0242
Paris La Défense (Terminal Jules Verne),48.89147,2.24247,Le Havre (central bus station),49.49224,0.12615,140,185.942
Pau,43.31899,-0.3621,Tarbes,43.22999,0.08026,45,42.9679
Tarbes,43.22999,0.08026,Toulouse (Central Bus Station Pierre Sémard),43.61252,1.45261,120,156.6745
Toulouse (Central Bus Station Pierre Sémard),43.61252,1.45261,Carcassonne,43.21546,2.34779,80,94.1064
Carcassonne,43.21546,2.34779,Narbonne (Central bus station),43.18833,3.00335,50,69.3145
Narbonne (Central bus station),43.18833,3.00335,Montpellier (Sabines),43.58393,3.86023,75,92.3104
Montpellier (Sabines),43.58393,3.86023,Marseille (central bus station St Charles),43.30408,5.37999,125,170.1753
Marseille (central bus station St Charles),43.30408,5.37999,Toulon (Central Bus Station),43.12779,5.93074,120,66.5979
Toulon (Central Bus Station),43.12779,5.93074,Puget-sur-Argens,43.45696,6.68937,65,1.1829
Puget-sur-Argens,43.45696,6.68937,Cannes (Le Cannet),43.5707,7.01485,35,38.3507
Cannes (Le Cannet),43.5707,7.01485,Nice Airport (Bus Station - Terminal 2),43.66021,7.20486,30,25.7897
Nice Airport (Bus Station - Terminal 2),43.66021,7.20486,Cannes (Le Cannet),43.5707,7.01485,30,25.3375
Cannes (Le Cannet),43.5707,7.01485,Puget-sur-Argens,43.45696,6.68937,30,39.709
Puget-sur-Argens,43.45696,6.68937,Toulon (Central Bus Station),43.12779,5.93074,65,85.387
Toulon (Central Bus Station),43.12779,5.93074,Marseille (central bus station St Charles),43.30408,5.37999,105,65.4295
Marseille (central bus station St Charles),43.30408,5.37999,Montpellier (Sabines),43.58393,3.86023,125,169.4076
Montpellier (Sabines),43.58393,3.86023,Narbonne (Central bus station),43.18833,3.00335,75,90.2778
Narbonne (Central bus station),43.18833,3.00335,Carcassonne,43.21546,2.34779,50,60.7865
Carcassonne,43.21546,2.34779,Toulouse (Central Bus Station Pierre Sémard),43.61252,1.45261,80,94.5152
Toulouse (Central Bus Station Pierre Sémard),43.61252,1.45261,Tarbes,43.22999,0.08026,120,156.9014
Tarbes,43.22999,0.08026,Pau,43.31899,-0.3621,44,42.4464
Hendaye,43.35113,-1.78327,Bordeaux Saint-Jean,44.82982,-0.55521,150,222.1844
Bordeaux Saint-Jean,44.82982,-0.55521,Paris (Bercy Seine),48.83532,2.38052,400,585.8864
Paris (Bercy Seine),48.83532,2.38052,Bordeaux Saint-Jean,44.82982,-0.55521,400,582.7451
Bordeaux Saint-Jean,44.82982,-0.55521,Hendaye,43.35113,-1.78327,155,222.8427
Perpignan (Central Bus station),42.69502,2.87907,Montpellier (Sabines),43.58393,3.86023,110,1.0461
Montpellier (Sabines),43.58393,3.86023,Lyon Perrache (Central Bus Station),45.74875,4.82602,220,302.8029
Lyon Perrache (Central Bus Station),45.74875,4.82602,Montpellier (Sabines),43.58393,3.86023,220,301.7891
Montpellier (Sabines),43.58393,3.86023,Perpignan (Central Bus station),42.69502,2.87907,110,151.3121
Grenoble (central bus station),45.19283,5.71394,Voiron (Champfeuillet),45.34993,5.56773,25,23.7539
Voiron (Champfeuillet),45.34993,5.56773,Lyon Perrache (Central Bus Station),45.74875,4.82602,65,83.0067
Lyon Perrache (Central Bus Station),45.74875,4.82602,Paris (Orly Airport),48.73156,2.37358,325,448.7736
Paris (Orly Airport),48.73156,2.37358,Paris (Bercy Seine),48.83532,2.38052,25,15.0458
Paris (Bercy Seine),48.83532,2.38052,Paris Pont de Levallois,48.89774,2.28125,40,12.4274
Paris Pont de Levallois,48.89774,2.28125,Rouen (Avenue Champlain),49.43419,1.0927,100,126.274
Rouen (Avenue Champlain),49.43419,1.0927,Paris Pont de Levallois,48.89774,2.28125,90,126.805
Paris Pont de Levallois,48.89774,2.28125,Paris (Bercy Seine),48.83532,2.38052,35,20.1683
Paris (Bercy Seine),48.83532,2.38052,Paris (Orly Airport),48.73156,2.37358,30,16.5344
Paris (Orly Airport),48.73156,2.37358,Lyon Perrache (Central Bus Station),45.74875,4.82602,321,447.7469
Lyon Perrache (Central Bus Station),45.74875,4.82602,Voiron (Champfeuillet),45.34993,5.56773,65,82.1329
Voiron (Champfeuillet),45.34993,5.56773,Grenoble (central bus station),45.19283,5.71394,25,24.4234
Dijon (bus station),47.32353,5.0279,Auxerre,47.79662,3.5845,110,5747.2285
Auxerre,47.79662,3.5845,Paris (Bercy Seine),48.83532,2.38052,130,167.7387
Paris (Bercy Seine),48.83532,2.38052,Auxerre,47.79662,3.5845,125,168.677
Auxerre,47.79662,3.5845,Dijon (bus station),47.32353,5.0279,110,147.7104
Lons-le-Saunier Autocar Transarc Credoz,46.69305,5.55781,Dijon (bus station),47.32353,5.0279,80,96.2082
Dijon (bus station),47.32353,5.0279,Auxerre,47.79662,3.5845,115,5747.2285
Auxerre,47.79662,3.5845,Paris (Bercy Seine),48.83532,2.38052,130,167.7387
Paris (Bercy Seine),48.83532,2.38052,Auxerre,47.79662,3.5845,130,168.677
Auxerre,47.79662,3.5845,Dijon (bus station),47.32353,5.0279,115,147.7104
Dijon (bus station),47.32353,5.0279,Lons-le-Saunier Autocar Transarc Credoz,46.69305,5.55781,80,5550.1724
Paris (Bercy Seine),48.83532,2.38052,Lille,50.6392,3.0762,180,223.7503
Lille,50.6392,3.0762,Paris (Bercy Seine),48.83532,2.38052,170,221.9624
Tourcoing,50.72131,3.16288,Lille,50.6392,3.0762,20,11.8737
Lille,50.6392,3.0762,Compiègne Sud (Verberie Parking PL),49.32154,2.69752,110,157.3906
Paris Charles de Gaulle (Central Bus Station - Terminal 3),49.01067,2.55926,Paris (Bercy Seine),48.83532,2.38052,45,29.7487
Paris (Bercy Seine),48.83532,2.38052,Paris (Orly Airport),48.73156,2.37358,30,16.5344
Paris (Orly Airport),48.73156,2.37358,Rennes (Central bus station),48.1039,-1.67062,265,338.4708
Vannes (Central bus station),47.66492,-2.75143,Auray - Pluneret,47.66805,-2.95515,15,16.631
Auray - Pluneret,47.66805,-2.95515,Lorient (central bus station),47.75536,-3.36449,35,41.5645
Lorient (central bus station),47.75536,-3.36449,Concarneau Nord,47.922,-3.90163,40,49.872
Concarneau Nord,47.922,-3.90163,Quimper (Central bus station),47.99469,-4.09378,20,20.5288
Quimper (Central bus station),47.99469,-4.09378,Concarneau Nord,47.922,-3.90163,20,19.8078
Concarneau Nord,47.922,-3.90163,Lorient (central bus station),47.75536,-3.36449,35,47.4547
Lorient (central bus station),47.75536,-3.36449,Auray - Pluneret,47.66805,-2.95515,40,40.2996
Auray - Pluneret,47.66805,-2.95515,Vannes (Central bus station),47.66492,-2.75143,15,17.9458
Rennes (Central bus station),48.1039,-1.67062,Paris (Orly Airport),48.73156,2.37358,250,339.4959
Paris (Orly Airport),48.73156,2.37358,Paris (Bercy Seine),48.83532,2.38052,25,15.0458
Paris (Bercy Seine),48.83532,2.38052,Paris Charles de Gaulle (Central Bus Station - Terminal 3),49.01067,2.55926,45,30.2235
Compiègne Sud (Verberie Parking PL),49.32154,2.69752,Lille,50.6392,3.0762,110,157.6836
Lille,50.6392,3.0762,Tourcoing,50.72131,3.16288,20,11.9832
Bordeaux Saint-Jean,44.82982,-0.55521,Agen (Exit A62),44.16644,0.60633,95,134.1469
Agen (Exit A62),44.16644,0.60633,Toulouse (Central Bus Station Pierre Sémard),43.61252,1.45261,85,109.8635
Toulouse (Central Bus Station Pierre Sémard),43.61252,1.45261,Carcassonne,43.21546,2.34779,95,94.1064
Bordeaux Saint-Jean,44.82982,-0.55521,Niort (Pied de Fond),46.30729,-0.48525,135,189.9042
Niort (Pied de Fond),46.30729,-0.48525,Nantes Haluchère,47.24893,-1.52081,115,150.2065
Carcassonne,43.21546,2.34779,Toulouse (Central Bus Station Pierre Sémard),43.61252,1.45261,100,94.5152
Toulouse (Central Bus Station Pierre Sémard),43.61252,1.45261,Agen (Exit A62),44.16644,0.60633,85,110.1081
Agen (Exit A62),44.16644,0.60633,Bordeaux Saint-Jean,44.82982,-0.55521,100,132.8369
Bordeaux Saint-Jean,44.82982,-0.55521,Niort (Pied de Fond),46.30729,-0.48525,135,189.9042
Niort (Pied de Fond),46.30729,-0.48525,Nantes Haluchère,47.24893,-1.52081,115,150.2065
Nantes Haluchère,47.24893,-1.52081,Niort (Pied de Fond),46.30729,-0.48525,115,148.6326
Niort (Pied de Fond),46.30729,-0.48525,Bordeaux Saint-Jean,44.82982,-0.55521,140,186.3009
Bordeaux Saint-Jean,44.82982,-0.55521,Agen (Exit A62),44.16644,0.60633,95,134.1469
Agen (Exit A62),44.16644,0.60633,Toulouse (Central Bus Station Pierre Sémard),43.61252,1.45261,85,109.8635
Toulouse (Central Bus Station Pierre Sémard),43.61252,1.45261,Carcassonne,43.21546,2.34779,95,94.1064
Carcassonne,43.21546,2.34779,Toulouse (Central Bus Station Pierre Sémard),43.61252,1.45261,100,94.5152
Toulouse (Central Bus Station Pierre Sémard),43.61252,1.45261,Agen (Exit A62),44.16644,0.60633,85,110.1081
Agen (Exit A62),44.16644,0.60633,Bordeaux Saint-Jean,44.82982,-0.55521,100,132.8369
Paris (Bercy Seine),48.83532,2.38052,Paris La Défense (Terminal Jules Verne),48.89147,2.24247,30,12.7315
Paris La Défense (Terminal Jules Verne),48.89147,2.24247,Honfleur (Central Bus Station),49.4188,0.23838,145,188.1146
Honfleur (Central Bus Station),49.4188,0.23838,Deauville (Train Station),49.35927,0.08389,25,15.7555
Deauville (Train Station),49.35927,0.08389,Cabourg,49.29418,-0.10658,40,25.7028
Cabourg,49.29418,-0.10658,Deauville (Train Station),49.35927,0.08389,35,24.8515
Deauville (Train Station),49.35927,0.08389,Honfleur (Central Bus Station),49.4188,0.23838,25,15.2855
Honfleur (Central Bus Station),49.4188,0.23838,Paris La Défense (Terminal Jules Verne),48.89147,2.24247,135,189.7755
Paris La Défense (Terminal Jules Verne),48.89147,2.24247,Paris (Bercy Seine),48.83532,2.38052,40,14.4262
Lyon Perrache (Central Bus Station),45.74875,4.82602,Clermont-Ferrand (bus terminal Les Salins),45.77076,3.08225,125,166.3595
Clermont-Ferrand (bus terminal Les Salins),45.77076,3.08225,Ussel,45.51243,2.25747,125,90.3759
Ussel,45.51243,2.25747,Tulle (Péage Nord),45.32849,1.76515,40,52.0752
Tulle (Péage Nord),45.32849,1.76515,Brive-la-Gaillarde (Centre Commercial Ouest),45.14592,1.48255,30,40.0131
Brive-la-Gaillarde (Centre Commercial Ouest),45.14592,1.48255,Périgueux (Créavallée Nord),45.14313,0.69851,50,76.0656
Périgueux (Créavallée Nord),45.14313,0.69851,Bordeaux Saint-Jean,44.82982,-0.55521,90,125.6238
Bordeaux Saint-Jean,44.82982,-0.55521,Périgueux (Créavallée Nord),45.14313,0.69851,95,129.7711
Périgueux (Créavallée Nord),45.14313,0.69851,Brive-la-Gaillarde (Centre Commercial Ouest),45.14592,1.48255,50,75.9385
Brive-la-Gaillarde (Centre Commercial Ouest),45.14592,1.48255,Tulle (Péage Nord),45.32849,1.76515,30,56.3608
Tulle (Péage Nord),45.32849,1.76515,Ussel,45.51243,2.25747,40,52.8332
Ussel,45.51243,2.25747,Clermont-Ferrand (bus terminal Les Salins),45.77076,3.08225,125,90.0911
Clermont-Ferrand (bus terminal Les Salins),45.77076,3.08225,Lyon Perrache (Central Bus Station),45.74875,4.82602,125,165.9137
Bordeaux Saint-Jean,44.82982,-0.55521,Périgueux (Créavallée Nord),45.14313,0.69851,95,129.7711
Périgueux (Créavallée Nord),45.14313,0.69851,Clermont-Ferrand (bus terminal Les Salins),45.77076,3.08225,220,245.161
Clermont-Ferrand (bus terminal Les Salins),45.77076,3.08225,Lyon Perrache (Central Bus Station),45.74875,4.82602,135,165.9137
Lyon Perrache (Central Bus Station),45.74875,4.82602,Clermont-Ferrand (bus terminal Les Salins),45.77076,3.08225,130,166.3595
Clermont-Ferrand (bus terminal Les Salins),45.77076,3.08225,Périgueux (Créavallée Nord),45.14313,0.69851,220,245.2045
Périgueux (Créavallée Nord),45.14313,0.69851,Bordeaux Saint-Jean,44.82982,-0.55521,95,125.6238
Nice Airport (Bus Station - Terminal 2),43.66021,7.20486,Toulon (Central Bus Station),43.12779,5.93074,105,143.3732
Toulon (Central Bus Station),43.12779,5.93074,Marseille (central bus station St Charles),43.30408,5.37999,65,65.4295
Marseille (central bus station St Charles),43.30408,5.37999,Aix-en-Provence (Parking Krypton),43.51099,5.44762,30,30.6709
Aix-en-Provence (Parking Krypton),43.51099,5.44762,Marseille (central bus station St Charles),43.30408,5.37999,30,30.1028
Marseille (central bus station St Charles),43.30408,5.37999,Toulon (Central Bus Station),43.12779,5.93074,65,66.5979
Toulon (Central Bus Station),43.12779,5.93074,Nice Airport (Bus Station - Terminal 2),43.66021,7.20486,115,1075.4071
Strasbourg,48.57418,7.75427,Colmar,48.07375,7.3478,60,77.6991
Colmar,48.07375,7.3478,Mulhouse (bus station),47.74208,7.34194,40,42.646
Mulhouse (bus station),47.74208,7.34194,Belfort,47.6297,6.85617,45,46.7917
Belfort,47.6297,6.85617,Besançon,47.24691,6.0226,65,95.9362
Lyon Perrache (Central Bus Station),45.74875,4.82602,Grenoble (central bus station),45.19283,5.71394,100,104.4014
Grenoble (central bus station),45.19283,5.71394,Lyon Perrache (Central Bus Station),45.74875,4.82602,95,105.3058
Besançon,47.24691,6.0226,Belfort,47.6297,6.85617,75,95.7576
Belfort,47.6297,6.85617,Mulhouse (bus station),47.74208,7.34194,45,47.4338
Mulhouse (bus station),47.74208,7.34194,Colmar,48.07375,7.3478,35,42.0763
Colmar,48.07375,7.3478,Strasbourg,48.57418,7.75427,60,73.4183
Nice Airport (Bus Station - Terminal 2),43.66021,7.20486,Toulon (Central Bus Station),43.12779,5.93074,90,143.3732
Toulon (Central Bus Station),43.12779,5.93074,Marseille (central bus station St Charles),43.30408,5.37999,65,65.4295
Marseille (central bus station St Charles),43.30408,5.37999,Avignon (Central Bus Station),43.94213,4.80773,90,96.0199
Avignon (Central Bus Station),43.94213,4.80773,Montpellier (Sabines),43.58393,3.86023,50,95.8879
Montpellier (Sabines),43.58393,3.86023,Avignon (Central Bus Station),43.94213,4.80773,60,95.6787
Avignon (Central Bus Station),43.94213,4.80773,Marseille (central bus station St Charles),43.30408,5.37999,90,96.6475
Marseille (central bus station St Charles),43.30408,5.37999,Toulon (Central Bus Station),43.12779,5.93074,60,66.5979
Toulon (Central Bus Station),43.12779,5.93074,Nice Airport (Bus Station - Terminal 2),43.66021,7.20486,90,1075.4071
Clermont-Ferrand (bus terminal Les Salins),45.77076,3.08225,Thiers (Péage A89),45.86032,3.50309,35,38.444
Thiers (Péage A89),45.86032,3.50309,Lyon Perrache (Central Bus Station),45.74875,4.82602,100,127.4697
Lyon Perrache (Central Bus Station),45.74875,4.82602,Lyon Saint Exupéry Airport,45.7185,5.07898,45,27.1529
Lyon Saint Exupéry Airport,45.7185,5.07898,Grenoble (central bus station),45.19283,5.71394,65,92.2766
Grenoble (central bus station),45.19283,5.71394,Lyon Saint Exupéry Airport,45.7185,5.07898,70,90.5192
Lyon Saint Exupéry Airport,45.7185,5.07898,Lyon Perrache (Central Bus Station),45.74875,4.82602,45,28.722
Lyon Perrache (Central Bus Station),45.74875,4.82602,Thiers (Péage A89),45.86032,3.50309,90,127.9992
Thiers (Péage A89),45.86032,3.50309,Clermont-Ferrand (bus terminal Les Salins),45.77076,3.08225,35,64.6055
Toulouse (Central Bus Station Pierre Sémard),43.61252,1.45261,Montpellier (Sabines),43.58393,3.86023,170,239.4044
Montpellier (Sabines),43.58393,3.86023,Nîmes (P+R Parnasse),43.81743,4.36218,45,53.8036
Nîmes (P+R Parnasse),43.81743,4.36218,Lyon Perrache (Central Bus Station),45.74875,4.82602,175,255.5558
Lyon Perrache (Central Bus Station),45.74875,4.82602,Nîmes (P+R Parnasse),43.81743,4.36218,175,253.8772
Nîmes (P+R Parnasse),43.81743,4.36218,Montpellier (Sabines),43.58393,3.86023,50,53.1727
Montpellier (Sabines),43.58393,3.86023,Toulouse (Central Bus Station Pierre Sémard),43.61252,1.45261,170,239.0375
Nantes Haluchère,47.24893,-1.52081,Angers (central bus station),47.46502,-0.55917,60,86.5924
Angers (central bus station),47.46502,-0.55917,Le Mans,48.01747,0.14949,75,92.2363
Le Mans,48.01747,0.14949,Paris Pont de Levallois,48.89774,2.28125,155,211.875
Paris Pont de Levallois,48.89774,2.28125,Paris Charles de Gaulle (Central Bus Station - Terminal 3),49.01067,2.55926,40,27.2253
Paris Charles de Gaulle (Central Bus Station - Terminal 3),49.01067,2.55926,Lille,50.6392,3.0762,145,198.4901
Lille,50.6392,3.0762,Paris Charles de Gaulle (Central Bus Station - Terminal 3),49.01067,2.55926,140,197.8415
Paris Charles de Gaulle (Central Bus Station - Terminal 3),49.01067,2.55926,Paris Pont de Levallois,48.89774,2.28125,40,28.9296
Paris Pont de Levallois,48.89774,2.28125,Le Mans,48.01747,0.14949,155,211.6078
Le Mans,48.01747,0.14949,Angers (central bus station),47.46502,-0.55917,70,92.18
Angers (central bus station),47.46502,-0.55917,Nantes Haluchère,47.24893,-1.52081,65,82.9569
Nice Airport (Bus Station - Terminal 2),43.66021,7.20486,Cannes (Le Cannet),43.5707,7.01485,35,25.3375
Cannes (Le Cannet),43.5707,7.01485,Fréjus (Péage Ouest),43.45631,6.68948,35,39.6945
Fréjus (Péage Ouest),43.45631,6.68948,Aix-en-Provence (Parking Krypton),43.51099,5.44762,80,111.1043
Aix-en-Provence (Parking Krypton),43.51099,5.44762,Valence France (Central bus station),44.92691,4.89239,195,196.3738
Valence France (Central bus station),44.92691,4.89239,Lyon Perrache (Central Bus Station),45.74875,4.82602,85,107.6506
Lyon Perrache (Central Bus Station),45.74875,4.82602,Clermont-Ferrand (bus terminal Les Salins),45.77076,3.08225,130,166.3595
Clermont-Ferrand (bus terminal Les Salins),45.77076,3.08225,Lyon Perrache (Central Bus Station),45.74875,4.82602,130,165.9137
Lyon Perrache (Central Bus Station),45.74875,4.82602,Valence France (Central bus station),44.92691,4.89239,85,101.453
Valence France (Central bus station),44.92691,4.89239,Aix-en-Provence (Parking Krypton),43.51099,5.44762,185,195.9183
Aix-en-Provence (Parking Krypton),43.51099,5.44762,Fréjus (Péage Ouest),43.45631,6.68948,80,109.6237
Fréjus (Péage Ouest),43.45631,6.68948,Cannes (Le Cannet),43.5707,7.01485,30,38.3362
Cannes (Le Cannet),43.5707,7.01485,Nice Airport (Bus Station - Terminal 2),43.66021,7.20486,35,25.7897
Clermont-Ferrand (bus terminal Les Salins),45.77076,3.08225,Lyon Perrache (Central Bus Station),45.74875,4.82602,125,165.9137
Lyon Perrache (Central Bus Station),45.74875,4.82602,Lyon Saint Exupéry Airport,45.7185,5.07898,45,27.1529
Lyon Saint Exupéry Airport,45.7185,5.07898,Grenoble (central bus station),45.19283,5.71394,65,92.2766
Grenoble (central bus station),45.19283,5.71394,Lyon Saint Exupéry Airport,45.7185,5.07898,70,90.5192
Lyon Saint Exupéry Airport,45.7185,5.07898,Lyon Perrache (Central Bus Station),45.74875,4.82602,45,28.722
Lyon Perrache (Central Bus Station),45.74875,4.82602,Clermont-Ferrand (bus terminal Les Salins),45.77076,3.08225,125,166.3595
Quimper (Central bus station),47.99469,-4.09378,Lorient (central bus station),47.75536,-3.36449,55,66.1424
Lorient (central bus station),47.75536,-3.36449,Rennes (Central bus station),48.1039,-1.67062,120,150.287
Rennes (Central bus station),48.1039,-1.67062,Paris (Bercy Seine),48.83532,2.38052,255,344.9919
Paris (Bercy Seine),48.83532,2.38052,Rennes (Central bus station),48.1039,-1.67062,255,345.4409
Rennes (Central bus station),48.1039,-1.67062,Lorient (central bus station),47.75536,-3.36449,120,150.7505
Lorient (central bus station),47.75536,-3.36449,Quimper (Central bus station),47.99469,-4.09378,50,68.4116
Paris (Bercy Seine),48.83532,2.38052,Rennes (Central bus station),48.1039,-1.67062,255,345.4409
Rennes (Central bus station),48.1039,-1.67062,Paris (Bercy Seine),48.83532,2.38052,255,344.9919
Annemasse,46.19933,6.23778,Annecy (Rue Vaugelas),45.90098,6.12144,40,48.9949
Annecy (Rue Vaugelas),45.90098,6.12144,Chambéry (Central Bus Station),45.56998,5.91742,45,48.4268
Chambéry (Central Bus Station),45.56998,5.91742,Grenoble (central bus station),45.19283,5.71394,60,58.7942
Grenoble (central bus station),45.19283,5.71394,Valence France (Central bus station),44.92691,4.89239,110,92.6435
Valence France (Central bus station),44.92691,4.89239,Avignon (Le Pontet),43.96063,4.85594,95,123.1245
Avignon (Le Pontet),43.96063,4.85594,Nîmes (P+R Parnasse),43.81743,4.36218,50,52.4083
Nîmes (P+R Parnasse),43.81743,4.36218,Toulouse (Central Bus Station Pierre Sémard),43.61252,1.45261,215,288.705
Toulouse (Central Bus Station Pierre Sémard),43.61252,1.45261,Orthez,43.46717,-0.74906,165,231.5154
Orthez,43.46717,-0.74906,Toulouse (Central Bus Station Pierre Sémard),43.61252,1.45261,165,231.2338
Toulouse (Central Bus Station Pierre Sémard),43.61252,1.45261,Nîmes (P+R Parnasse),43.81743,4.36218,210,289.0189
Nîmes (P+R Parnasse),43.81743,4.36218,Avignon (Le Pontet),43.96063,4.85594,55,53.052
Avignon (Le Pontet),43.96063,4.85594,Valence France (Central bus station),44.92691,4.89239,90,123.9549
Valence France (Central bus station),44.92691,4.89239,Grenoble (central bus station),45.19283,5.71394,120,93.4144
Grenoble (central bus station),45.19283,5.71394,Chambéry (Central Bus Station),45.56998,5.91742,55,59.911
Chambéry (Central Bus Station),45.56998,5.91742,Annecy (Rue Vaugelas),45.90098,6.12144,45,49.0254
Annecy (Rue Vaugelas),45.90098,6.12144,Annemasse,46.19933,6.23778,45,48.7116
Annemasse,46.19933,6.23778,Annecy (Rue Vaugelas),45.90098,6.12144,40,48.9949
Annecy (Rue Vaugelas),45.90098,6.12144,Chambéry (Central Bus Station),45.56998,5.91742,45,48.4268
Chambéry (Central Bus Station),45.56998,5.91742,Grenoble (central bus station),45.19283,5.71394,60,58.7942
Grenoble (central bus station),45.19283,5.71394,Valence France (Central bus station),44.92691,4.89239,110,92.6435
Valence France (Central bus station),44.92691,4.89239,Avignon (Le Pontet),43.96063,4.85594,95,123.1245
Avignon (Le Pontet),43.96063,4.85594,Nîmes (P+R Parnasse),43.81743,4.36218,50,52.4083
Nîmes (P+R Parnasse),43.81743,4.36218,Toulouse (Central Bus Station Pierre Sémard),43.61252,1.45261,215,288.705
Toulouse (Central Bus Station Pierre Sémard),43.61252,1.45261,Orthez,43.46717,-0.74906,165,231.5154
Orthez,43.46717,-0.74906,Toulouse (Central Bus Station Pierre Sémard),43.61252,1.45261,165,231.2338
Toulouse (Central Bus Station Pierre Sémard),43.61252,1.45261,Nîmes (P+R Parnasse),43.81743,4.36218,210,289.0189
Nîmes (P+R Parnasse),43.81743,4.36218,Avignon (Le Pontet),43.96063,4.85594,55,53.052
Avignon (Le Pontet),43.96063,4.85594,Valence France (Central bus station),44.92691,4.89239,90,123.9549
Valence France (Central bus station),44.92691,4.89239,Grenoble (central bus station),45.19283,5.71394,120,93.4144
Grenoble (central bus station),45.19283,5.71394,Chambéry (Central Bus Station),45.56998,5.91742,55,59.911
Chambéry (Central Bus Station),45.56998,5.91742,Annecy (Rue Vaugelas),45.90098,6.12144,45,49.0254
Annecy (Rue Vaugelas),45.90098,6.12144,Annemasse,46.19933,6.23778,45,48.7116
Grenoble (central bus station),45.19283,5.71394,Aix-en-Provence (Parking Krypton),43.51099,5.44762,220,290.0827
Aix-en-Provence (Parking Krypton),43.51099,5.44762,Marseille (central bus station St Charles),43.30408,5.37999,30,30.1028
Marseille (central bus station St Charles),43.30408,5.37999,Aix-en-Provence (Parking Krypton),43.51099,5.44762,30,30.6709
Aix-en-Provence (Parking Krypton),43.51099,5.44762,Grenoble (central bus station),45.19283,5.71394,240,289.9539
Grenoble (central bus station),45.19283,5.71394,Chambéry (Central Bus Station),45.56998,5.91742,55,59.911
Chambéry (Central Bus Station),45.56998,5.91742,Annecy (Central Bus Station),45.90166,6.12032,45,48.8452
Annecy (Central Bus Station),45.90166,6.12032,Chambéry (Central Bus Station),45.56998,5.91742,45,0.0
Chambéry (Central Bus Station),45.56998,5.91742,Grenoble (central bus station),45.19283,5.71394,60,58.7942
Grenoble (central bus station),45.19283,5.71394,Aix-en-Provence (Parking Krypton),43.51099,5.44762,240,290.0827
Aix-en-Provence (Parking Krypton),43.51099,5.44762,Marseille (central bus station St Charles),43.30408,5.37999,30,30.1028
Marseille (central bus station St Charles),43.30408,5.37999,Aix-en-Provence (Parking Krypton),43.51099,5.44762,30,30.6709
Aix-en-Provence (Parking Krypton),43.51099,5.44762,Grenoble (central bus station),45.19283,5.71394,210,289.9539
Forbach (central bus station),49.18872,6.90009,Metz (central bus station),49.11016,6.18377,55,57.6451
Metz (central bus station),49.11016,6.18377,Paris (Bercy Seine),48.83532,2.38052,270,330.9182
Paris (Bercy Seine),48.83532,2.38052,Tours (Parking les Peupliers),47.38338,0.70235,175,237.1192
Tours (Parking les Peupliers),47.38338,0.70235,Paris (Bercy Seine),48.83532,2.38052,175,236.6605
Paris (Bercy Seine),48.83532,2.38052,Metz (central bus station),49.11016,6.18377,270,330.4884
Metz (central bus station),49.11016,6.18377,Forbach (central bus station),49.18872,6.90009,55,57.6387
Strasbourg,48.57418,7.75427,Colmar,48.07375,7.3478,60,77.6991
Colmar,48.07375,7.3478,Mulhouse (bus station),47.74208,7.34194,40,42.646
Mulhouse (bus station),47.74208,7.34194,Belfort,47.6297,6.85617,40,46.7917
Belfort,47.6297,6.85617,Besançon,47.24691,6.0226,70,95.9362
Besançon,47.24691,6.0226,Lyon Perrache (Central Bus Station),45.74875,4.82602,185,255.4432
Lyon Perrache (Central Bus Station),45.74875,4.82602,Besançon,47.24691,6.0226,180,255.9598
Besançon,47.24691,6.0226,Belfort,47.6297,6.85617,70,95.7576
Belfort,47.6297,6.85617,Mulhouse (bus station),47.74208,7.34194,40,47.4338
Mulhouse (bus station),47.74208,7.34194,Colmar,48.07375,7.3478,40,42.0763
Colmar,48.07375,7.3478,Strasbourg,48.57418,7.75427,60,73.4183
Strasbourg,48.57418,7.75427,Colmar,48.07375,7.3478,60,77.6991
Colmar,48.07375,7.3478,Mulhouse (bus station),47.74208,7.34194,40,42.646
Mulhouse (bus station),47.74208,7.34194,Belfort,47.6297,6.85617,40,46.7917
Belfort,47.6297,6.85617,Besançon,47.24691,6.0226,70,95.9362
Besançon,47.24691,6.0226,Lyon Perrache (Central Bus Station),45.74875,4.82602,185,255.4432
Lyon Perrache (Central Bus Station),45.74875,4.82602,Besançon,47.24691,6.0226,180,255.9598
Besançon,47.24691,6.0226,Belfort,47.6297,6.85617,70,95.7576
Belfort,47.6297,6.85617,Mulhouse (bus station),47.74208,7.34194,40,47.4338
Mulhouse (bus station),47.74208,7.34194,Colmar,48.07375,7.3478,40,42.0763
Colmar,48.07375,7.3478,Strasbourg,48.57418,7.75427,60,73.4183
Grenoble (central bus station),45.19283,5.71394,Lyon Perrache (Central Bus Station),45.74875,4.82602,90,105.3058
Lyon Perrache (Central Bus Station),45.74875,4.82602,Thiers (Péage A89),45.86032,3.50309,95,127.9992
Thiers (Péage A89),45.86032,3.50309,Clermont-Ferrand (bus terminal Les Salins),45.77076,3.08225,35,64.6055
Clermont-Ferrand (bus terminal Les Salins),45.77076,3.08225,Thiers (Péage A89),45.86032,3.50309,35,38.444
Thiers (Péage A89),45.86032,3.50309,Lyon Perrache (Central Bus Station),45.74875,4.82602,100,127.4697
Lyon Perrache (Central Bus Station),45.74875,4.82602,Grenoble (central bus station),45.19283,5.71394,90,104.4014
Nantes Haluchère,47.24893,-1.52081,Angers (central bus station),47.46502,-0.55917,65,86.5924
Angers (central bus station),47.46502,-0.55917,Saumur Nord -Vivy,47.31008,-0.03161,45,58.7217
Saumur Nord -Vivy,47.31008,-0.03161,Tours (Parking les Peupliers),47.38338,0.70235,55,79.1765
Tours (Parking les Peupliers),47.38338,0.70235,Bourges (central bus station),47.08247,2.3867,150,163.2824
Bourges (central bus station),47.08247,2.3867,Clermont-Ferrand (bus terminal Les Salins),45.77076,3.08225,140,191.8483
Clermont-Ferrand (bus terminal Les Salins),45.77076,3.08225,Thiers (Péage A89),45.86032,3.50309,35,38.444
Thiers (Péage A89),45.86032,3.50309,Lyon Perrache (Central Bus Station),45.74875,4.82602,100,127.4697
Lyon Perrache (Central Bus Station),45.74875,4.82602,Grenoble (central bus station),45.19283,5.71394,90,104.4014
Grenoble (central bus station),45.19283,5.71394,Lyon Perrache (Central Bus Station),45.74875,4.82602,90,105.3058
Lyon Perrache (Central Bus Station),45.74875,4.82602,Thiers (Péage A89),45.86032,3.50309,95,127.9992
Thiers (Péage A89),45.86032,3.50309,Clermont-Ferrand (bus terminal Les Salins),45.77076,3.08225,35,64.6055
Clermont-Ferrand (bus terminal Les Salins),45.77076,3.08225,Bourges (central bus station),47.08247,2.3867,135,191.4524
Bourges (central bus station),47.08247,2.3867,Tours (Parking les Peupliers),47.38338,0.70235,165,163.4691
Tours (Parking les Peupliers),47.38338,0.70235,Saumur Nord -Vivy,47.31008,-0.03161,55,70.9334
Saumur Nord -Vivy,47.31008,-0.03161,Angers (central bus station),47.46502,-0.55917,50,61.1744
Angers (central bus station),47.46502,-0.55917,Nantes Haluchère,47.24893,-1.52081,60,82.9569
Lyon Perrache (Central Bus Station),45.74875,4.82602,Nîmes (P+R Parnasse),43.81743,4.36218,185,253.8772
Nîmes (P+R Parnasse),43.81743,4.36218,Montpellier (Sabines),43.58393,3.86023,50,53.1727
Montpellier (Sabines),43.58393,3.86023,Perpignan (Central Bus station),42.69502,2.87907,115,151.3121
Perpignan (Central Bus station),42.69502,2.87907,Montpellier (Sabines),43.58393,3.86023,115,1.0461
Montpellier (Sabines),43.58393,3.86023,Nîmes (P+R Parnasse),43.81743,4.36218,45,53.8036
Nîmes (P+R Parnasse),43.81743,4.36218,Lyon Perrache (Central Bus Station),45.74875,4.82602,185,255.5558
Niort (Pied de Fond),46.30729,-0.48525,Poitiers (Central bus station),46.58451,0.33563,75,80.1051
Poitiers (Central bus station),46.58451,0.33563,Tours (Parking les Peupliers),47.38338,0.70235,85,103.5468
Tours (Parking les Peupliers),47.38338,0.70235,Orléans (Libération),47.91953,1.90349,95,121.4556
Orléans (Libération),47.91953,1.90349,Étampes,48.43366,2.17208,60,70.1433
Étampes,48.43366,2.17208,Arpajon,48.5866,2.24539,15,19.1206
Arpajon,48.5866,2.24539,Paris (Bercy Seine),48.83532,2.38052,35,32.314
Paris (Bercy Seine),48.83532,2.38052,Champigny,48.81273,2.53239,25,15.6927
Champigny,48.81273,2.53239,Château-Thierry,49.05927,3.3949,70,82.1618
Château-Thierry,49.05927,3.3949,Reims Champagne Ardenne TGV,49.21516,3.99451,45,59.5956
Reims Champagne Ardenne TGV,49.21516,3.99451,Metz (central bus station),49.11016,6.18377,190,193.0424
Metz (central bus station),49.11016,6.18377,Hagondange,49.25394,6.16793,20,19.8529
Hagondange,49.25394,6.16793,Metz (central bus station),49.11016,6.18377,20,19.6485
Metz (central bus station),49.11016,6.18377,Reims Champagne Ardenne TGV,49.21516,3.99451,175,195.2279
Reims Champagne Ardenne TGV,49.21516,3.99451,Château-Thierry,49.05927,3.3949,45,61.7312
Château-Thierry,49.05927,3.3949,Champigny,48.81273,2.53239,65,79.8331
Champigny,48.81273,2.53239,Paris (Bercy Seine),48.83532,2.38052,25,14.2395
Paris (Bercy Seine),48.83532,2.38052,Arpajon,48.5866,2.24539,35,33.0624
Arpajon,48.5866,2.24539,Étampes,48.43366,2.17208,15,19.0562
Étampes,48.43366,2.17208,Orléans (Libération),47.91953,1.90349,60,84.4664
Orléans (Libération),47.91953,1.90349,Tours (Parking les Peupliers),47.38338,0.70235,90,121.8949
Tours (Parking les Peupliers),47.38338,0.70235,Poitiers (Central bus station),46.58451,0.33563,85,103.0882
Poitiers (Central bus station),46.58451,0.33563,Niort (Pied de Fond),46.30729,-0.48525,70,79.2666
Niort (Pied de Fond),46.30729,-0.48525,Poitiers (Central bus station),46.58451,0.33563,75,80.1051
Poitiers (Central bus station),46.58451,0.33563,Tours (Parking les Peupliers),47.38338,0.70235,85,103.5468
Tours (Parking les Peupliers),47.38338,0.70235,Étampes,48.43366,2.17208,160,179.952
Étampes,48.43366,2.17208,Arpajon,48.5866,2.24539,15,19.1206
Arpajon,48.5866,2.24539,Paris (Bercy Seine),48.83532,2.38052,35,32.314
Paris (Bercy Seine),48.83532,2.38052,Champigny,48.81273,2.53239,25,15.6927
Champigny,48.81273,2.53239,Château-Thierry,49.05927,3.3949,70,82.1618
Château-Thierry,49.05927,3.3949,Reims Champagne Ardenne TGV,49.21516,3.99451,45,59.5956
Reims Champagne Ardenne TGV,49.21516,3.99451,Metz (central bus station),49.11016,6.18377,190,193.0424
Metz (central bus station),49.11016,6.18377,Hagondange,49.25394,6.16793,20,19.8529
Tourcoing,50.72131,3.16288,Lille,50.6392,3.0762,20,11.8737
Lille,50.6392,3.0762,Paris Charles de Gaulle (Central Bus Station - Terminal 3),49.01067,2.55926,135,197.8415
Paris Charles de Gaulle (Central Bus Station - Terminal 3),49.01067,2.55926,Paris (Bercy Seine),48.83532,2.38052,30,29.7487
Paris (Bercy Seine),48.83532,2.38052,Paris Charles de Gaulle (Central Bus Station - Terminal 3),49.01067,2.55926,30,30.2235
Paris Charles de Gaulle (Central Bus Station - Terminal 3),49.01067,2.55926,Lille,50.6392,3.0762,135,198.4901
Lille,50.6392,3.0762,Tourcoing,50.72131,3.16288,20,11.9832
Marseille (central bus station St Charles),43.30408,5.37999,Lyon Perrache (Central Bus Station),45.74875,4.82602,225,312.6714
Lyon Perrache (Central Bus Station),45.74875,4.82602,Marseille (central bus station St Charles),43.30408,5.37999,230,312.8275
Dijon (bus station),47.32353,5.0279,Beaune (Péage Sud),47.00345,4.85347,40,5773.5337
Beaune (Péage Sud),47.00345,4.85347,Chalon-sur-Saône (Gare routière),46.78099,4.84434,20,27.6228
Chalon-sur-Saône (Gare routière),46.78099,4.84434,Lyon Perrache (Central Bus Station),45.74875,4.82602,100,125.2231
Lyon Perrache (Central Bus Station),45.74875,4.82602,Lyon Saint Exupéry Airport,45.7185,5.07898,40,27.1529
Lyon Saint Exupéry Airport,45.7185,5.07898,Lyon Perrache (Central Bus Station),45.74875,4.82602,50,28.722
Lyon Perrache (Central Bus Station),45.74875,4.82602,Chalon-sur-Saône (Gare routière),46.78099,4.84434,95,126.5073
Chalon-sur-Saône (Gare routière),46.78099,4.84434,Beaune (Péage Sud),47.00345,4.85347,20,26.971
Beaune (Péage Sud),47.00345,4.85347,Dijon (bus station),47.32353,5.0279,45,44.4308
Dijon (bus station),47.32353,5.0279,Langres (North Tollgate),47.93602,5.28728,75,5613.7505
Langres (North Tollgate),47.93602,5.28728,Nancy,48.69483,6.19047,95,139.1406
Nancy,48.69483,6.19047,Langres (North Tollgate),47.93602,5.28728,95,135.09
Langres (North Tollgate),47.93602,5.28728,Dijon (bus station),47.32353,5.0279,80,88.6781
Dijon (bus station),47.32353,5.0279,Beaune (Péage Sud),47.00345,4.85347,40,5773.5337
Beaune (Péage Sud),47.00345,4.85347,Chalon-sur-Saône (Gare routière),46.78099,4.84434,30,27.6228
Chalon-sur-Saône (Gare routière),46.78099,4.84434,Lyon Perrache (Central Bus Station),45.74875,4.82602,105,125.2231
Lyon Perrache (Central Bus Station),45.74875,4.82602,Lyon Saint Exupéry Airport,45.7185,5.07898,40,27.1529
Lyon Saint Exupéry Airport,45.7185,5.07898,Lyon Perrache (Central Bus Station),45.74875,4.82602,50,28.722
Lyon Perrache (Central Bus Station),45.74875,4.82602,Chalon-sur-Saône (Gare routière),46.78099,4.84434,95,126.5073
Chalon-sur-Saône (Gare routière),46.78099,4.84434,Beaune (Péage Sud),47.00345,4.85347,20,26.971
Beaune (Péage Sud),47.00345,4.85347,Dijon (bus station),47.32353,5.0279,45,44.4308
Paris (Bercy Seine),48.83532,2.38052,Reims Champagne Ardenne TGV,49.21516,3.99451,100,145.1097
Reims Champagne Ardenne TGV,49.21516,3.99451,Strasbourg,48.57418,7.75427,235,351.9201
Strasbourg,48.57418,7.75427,Reims Champagne Ardenne TGV,49.21516,3.99451,235,352.7183
Reims Champagne Ardenne TGV,49.21516,3.99451,Paris (Bercy Seine),48.83532,2.38052,115,143.9124
Strasbourg,48.57418,7.75427,Reims Champagne Ardenne TGV,49.21516,3.99451,235,352.7183
Reims Champagne Ardenne TGV,49.21516,3.99451,Paris (Bercy Seine),48.83532,2.38052,115,143.9124
Paris (Bercy Seine),48.83532,2.38052,Reims Champagne Ardenne TGV,49.21516,3.99451,100,145.1097
Reims Champagne Ardenne TGV,49.21516,3.99451,Strasbourg,48.57418,7.75427,235,351.9201
Paris (Bercy Seine),48.83532,2.38052,Reims Champagne Ardenne TGV,49.21516,3.99451,110,145.1097
Reims Champagne Ardenne TGV,49.21516,3.99451,Paris (Bercy Seine),48.83532,2.38052,110,143.9124
Lyon Perrache (Central Bus Station),45.74875,4.82602,Avignon (Le Pontet),43.96063,4.85594,175,223.1033
Avignon (Le Pontet),43.96063,4.85594,Fréjus (Péage Ouest),43.45631,6.68948,155,191.6503
Fréjus (Péage Ouest),43.45631,6.68948,Antibes (Pôle d'échanges),43.58636,7.11893,40,47.6833
Antibes (Pôle d'échanges),43.58636,7.11893,Nice Airport (Bus Station - Terminal 2),43.66021,7.20486,30,14.4793
Nice Airport (Bus Station - Terminal 2),43.66021,7.20486,Antibes (Pôle d'échanges),43.58636,7.11893,30,16.021
Antibes (Pôle d'échanges),43.58636,7.11893,Fréjus (Péage Ouest),43.45631,6.68948,40,48.5443
Fréjus (Péage Ouest),43.45631,6.68948,Avignon (Le Pontet),43.96063,4.85594,140,192.389
Avignon (Le Pontet),43.96063,4.85594,Lyon Perrache (Central Bus Station),45.74875,4.82602,180,224.304
Strasbourg,48.57418,7.75427,Colmar,48.07375,7.3478,60,77.6991
Colmar,48.07375,7.3478,Mulhouse (bus station),47.74208,7.34194,40,42.646
Mulhouse (bus station),47.74208,7.34194,Belfort,47.6297,6.85617,45,46.7917
Belfort,47.6297,6.85617,Montbéliard (Exchange Terminal Montbéliard Acropole),47.5089,6.80187,15,19.4956
Montbéliard (Exchange Terminal Montbéliard Acropole),47.5089,6.80187,Besançon,47.24691,6.0226,65,81.6774
Besançon,47.24691,6.0226,Dijon (bus station),47.32353,5.0279,80,97.4651
Dijon (bus station),47.32353,5.0279,Auxerre,47.79662,3.5845,100,5747.2285
Auxerre,47.79662,3.5845,Paris (Bercy Seine),48.83532,2.38052,135,167.7387
Paris (Bercy Seine),48.83532,2.38052,Paris Charles de Gaulle (Central Bus Station - Terminal 3),49.01067,2.55926,45,30.2235
Paris Charles de Gaulle (Central Bus Station - Terminal 3),49.01067,2.55926,Paris (Bercy Seine),48.83532,2.38052,35,29.7487
Paris (Bercy Seine),48.83532,2.38052,Auxerre,47.79662,3.5845,120,168.677
Auxerre,47.79662,3.5845,Dijon (bus station),47.32353,5.0279,105,147.7104
Dijon (bus station),47.32353,5.0279,Besançon,47.24691,6.0226,85,5571.2183
Besançon,47.24691,6.0226,Montbéliard (Exchange Terminal Montbéliard Acropole),47.5089,6.80187,60,83.1854
Montbéliard (Exchange Terminal Montbéliard Acropole),47.5089,6.80187,Belfort,47.6297,6.85617,15,18.9178
Belfort,47.6297,6.85617,Mulhouse (bus station),47.74208,7.34194,45,47.4338
Mulhouse (bus station),47.74208,7.34194,Colmar,48.07375,7.3478,40,42.0763
Colmar,48.07375,7.3478,Strasbourg,48.57418,7.75427,70,73.4183
Lyon Perrache (Central Bus Station),45.74875,4.82602,Chalon-sur-Saône (Gare routière),46.78099,4.84434,100,126.5073
Chalon-sur-Saône (Gare routière),46.78099,4.84434,Paris (Bercy Seine),48.83532,2.38052,240,337.4295
Paris (Bercy Seine),48.83532,2.38052,Chalon-sur-Saône (Gare routière),46.78099,4.84434,240,337.6838
Chalon-sur-Saône (Gare routière),46.78099,4.84434,Lyon Perrache (Central Bus Station),45.74875,4.82602,100,125.2231
Lyon Perrache (Central Bus Station),45.74875,4.82602,Chalon-sur-Saône (Gare routière),46.78099,4.84434,100,126.5073
Chalon-sur-Saône (Gare routière),46.78099,4.84434,Paris (Bercy Seine),48.83532,2.38052,240,337.4295
Paris (Bercy Seine),48.83532,2.38052,Chalon-sur-Saône (Gare routière),46.78099,4.84434,240,337.6838
Chalon-sur-Saône (Gare routière),46.78099,4.84434,Lyon Perrache (Central Bus Station),45.74875,4.82602,100,125.2231
Paris (Bercy Seine),48.83532,2.38052,Paris La Défense (Terminal Jules Verne),48.89147,2.24247,40,12.7315
Paris La Défense (Terminal Jules Verne),48.89147,2.24247,Rouen (Avenue Champlain),49.43419,1.0927,105,122.809
Rouen (Avenue Champlain),49.43419,1.0927,Yvetot,49.61887,0.75476,35,35.9962
Yvetot,49.61887,0.75476,Fécamp (Gare routière),49.75924,0.37522,35,34.2195
Fécamp (Gare routière),49.75924,0.37522,Yvetot,49.61887,0.75476,35,35.4635
Yvetot,49.61887,0.75476,Rouen (Avenue Champlain),49.43419,1.0927,35,36.7687
Rouen (Avenue Champlain),49.43419,1.0927,Paris La Défense (Terminal Jules Verne),48.89147,2.24247,105,122.5033
Paris La Défense (Terminal Jules Verne),48.89147,2.24247,Paris (Bercy Seine),48.83532,2.38052,40,14.4262
Paris (Bercy Seine),48.83532,2.38052,Paris Porte de Saint Ouen,48.90109,2.3318,40,9.6512
Paris Porte de Saint Ouen,48.90109,2.3318,Rouen (Avenue Champlain),49.43419,1.0927,120,129.8419
Rouen (Avenue Champlain),49.43419,1.0927,Yvetot,49.61887,0.75476,35,35.9962
Yvetot,49.61887,0.75476,Fécamp (Gare routière),49.75924,0.37522,35,34.2195
Fécamp (Gare routière),49.75924,0.37522,Yvetot,49.61887,0.75476,35,35.4635
Yvetot,49.61887,0.75476,Rouen (Avenue Champlain),49.43419,1.0927,35,36.7687
Rouen (Avenue Champlain),49.43419,1.0927,Paris Porte de Saint Ouen,48.90109,2.3318,120,131.9163
Paris Porte de Saint Ouen,48.90109,2.3318,Paris (Bercy Seine),48.83532,2.38052,30,15.7812
Clermont-Ferrand (bus terminal Les Salins),45.77076,3.08225,Clermont-Ferrand (Campus des Cézeaux),45.76416,3.1126,15,5.3881
Clermont-Ferrand (Campus des Cézeaux),45.76416,3.1126,Bourges (central bus station),47.08247,2.3867,135,189.085
Bourges (central bus station),47.08247,2.3867,Paris - Massy-Palaiseau (Bus station Vilmorin),48.72606,2.25714,155,228.0038
Paris - Massy-Palaiseau (Bus station Vilmorin),48.72606,2.25714,Paris (Bercy Seine),48.83532,2.38052,35,21.4011
Paris (Bercy Seine),48.83532,2.38052,Paris - Massy-Palaiseau (Bus station Vilmorin),48.72606,2.25714,50,23.0716
Paris - Massy-Palaiseau (Bus station Vilmorin),48.72606,2.25714,Bourges (central bus station),47.08247,2.3867,155,226.829
Bourges (central bus station),47.08247,2.3867,Clermont-Ferrand (Campus des Cézeaux),45.76416,3.1126,130,191.3671
Clermont-Ferrand (Campus des Cézeaux),45.76416,3.1126,Clermont-Ferrand (bus terminal Les Salins),45.77076,3.08225,10,3.0722
Paris (Bercy Seine),48.83532,2.38052,Laval (Bus Station),48.07614,-0.75964,210,277.3753
Laval (Bus Station),48.07614,-0.75964,Rennes (Central bus station),48.1039,-1.67062,60,78.7114
Rennes (Central bus station),48.1039,-1.67062,Laval (Bus Station),48.07614,-0.75964,60,79.2811
Laval (Bus Station),48.07614,-0.75964,Paris (Bercy Seine),48.83532,2.38052,210,277.1435
Caen (central bus station),49.17649,-0.34679,Incarville - Val de Reuil,49.23541,1.18268,95,131.0602
Incarville - Val de Reuil,49.23541,1.18268,Paris (Bercy Seine),48.83532,2.38052,110,116.4055
Caen (central bus station),49.17649,-0.34679,Incarville - Val de Reuil,49.23541,1.18268,95,131.0602
Incarville - Val de Reuil,49.23541,1.18268,Paris (Bercy Seine),48.83532,2.38052,110,116.4055
Paris (Bercy Seine),48.83532,2.38052,Incarville - Val de Reuil,49.23541,1.18268,110,116.8786
Incarville - Val de Reuil,49.23541,1.18268,Caen (central bus station),49.17649,-0.34679,95,133.125
Caen (central bus station),49.17649,-0.34679,Incarville - Val de Reuil,49.23541,1.18268,95,131.0602
Incarville - Val de Reuil,49.23541,1.18268,Paris La Défense (Terminal Jules Verne),48.89147,2.24247,70,97.9141
Paris La Défense (Terminal Jules Verne),48.89147,2.24247,Paris (Bercy Seine),48.83532,2.38052,50,14.4262
Paris (Bercy Seine),48.83532,2.38052,Paris La Défense (Terminal Jules Verne),48.89147,2.24247,40,12.7315
Paris La Défense (Terminal Jules Verne),48.89147,2.24247,Incarville - Val de Reuil,49.23541,1.18268,80,97.3943
Incarville - Val de Reuil,49.23541,1.18268,Caen (central bus station),49.17649,-0.34679,95,133.125
Caen (central bus station),49.17649,-0.34679,Incarville - Val de Reuil,49.23541,1.18268,95,131.0602
Incarville - Val de Reuil,49.23541,1.18268,Paris La Défense (Terminal Jules Verne),48.89147,2.24247,70,97.9141
Paris La Défense (Terminal Jules Verne),48.89147,2.24247,Paris (Bercy Seine),48.83532,2.38052,50,14.4262
Nice Airport (Bus Station - Terminal 2),43.66021,7.20486,Cannes (Le Cannet),43.5707,7.01485,35,25.3375
Cannes (Le Cannet),43.5707,7.01485,Marseille (central bus station St Charles),43.30408,5.37999,125,171.4611
Marseille (central bus station St Charles),43.30408,5.37999,Montpellier (Sabines),43.58393,3.86023,145,169.4076
Montpellier (Sabines),43.58393,3.86023,Marseille (central bus station St Charles),43.30408,5.37999,130,170.1753
Marseille (central bus station St Charles),43.30408,5.37999,Cannes (Le Cannet),43.5707,7.01485,130,171.6736
Cannes (Le Cannet),43.5707,7.01485,Nice Airport (Bus Station - Terminal 2),43.66021,7.20486,25,25.7897
Nice Airport (Bus Station - Terminal 2),43.66021,7.20486,Cannes (Le Cannet),43.5707,7.01485,35,25.3375
Cannes (Le Cannet),43.5707,7.01485,Marseille (central bus station St Charles),43.30408,5.37999,125,171.4611
Marseille (central bus station St Charles),43.30408,5.37999,Montpellier (Sabines),43.58393,3.86023,145,169.4076
Montpellier (Sabines),43.58393,3.86023,Marseille (central bus station St Charles),43.30408,5.37999,130,170.1753
Marseille (central bus station St Charles),43.30408,5.37999,Cannes (Le Cannet),43.5707,7.01485,130,171.6736
Cannes (Le Cannet),43.5707,7.01485,Nice Airport (Bus Station - Terminal 2),43.66021,7.20486,25,25.7897
Narbonne (Croix Sud),43.16527,2.98845,Montpellier (Sabines),43.58393,3.86023,115,91.1983
Montpellier (Sabines),43.58393,3.86023,Marseille Airport (Bus Station),43.44318,5.22045,110,150.3208
Marseille Airport (Bus Station),43.44318,5.22045,Marseille (central bus station St Charles),43.30408,5.37999,30,25.8396
Marseille (central bus station St Charles),43.30408,5.37999,Marseille Airport (Bus Station),43.44318,5.22045,30,25.0237
Marseille Airport (Bus Station),43.44318,5.22045,Montpellier (Sabines),43.58393,3.86023,115,151.0595
Montpellier (Sabines),43.58393,3.86023,Narbonne (Croix Sud),43.16527,2.98845,115,90.421
Paris (Bercy Seine),48.83532,2.38052,Nantes Haluchère,47.24893,-1.52081,295,374.953
Nantes Haluchère,47.24893,-1.52081,Paris (Bercy Seine),48.83532,2.38052,295,379.3498
Strasbourg,48.57418,7.75427,Paris (Bercy Seine),48.83532,2.38052,335,488.4086
Paris (Bercy Seine),48.83532,2.38052,Strasbourg,48.57418,7.75427,340,489.3661
Paris (Bercy Seine),48.83532,2.38052,Paris La Défense (Terminal Jules Verne),48.89147,2.24247,40,12.7315
Paris La Défense (Terminal Jules Verne),48.89147,2.24247,Caen (central bus station),49.17649,-0.34679,160,224.8399
Caen (central bus station),49.17649,-0.34679,Paris Pont de Levallois,48.89774,2.28125,175,228.7361
Paris Pont de Levallois,48.89774,2.28125,Paris (Bercy Seine),48.83532,2.38052,40,20.1683
Paris (Bercy Seine),48.83532,2.38052,Paris Pont de Levallois,48.89774,2.28125,40,12.4274
Paris Pont de Levallois,48.89774,2.28125,Caen (central bus station),49.17649,-0.34679,160,228.3048
Paris (Bercy Seine),48.83532,2.38052,Lille,50.6392,3.0762,175,223.7503
Lille,50.6392,3.0762,Tourcoing,50.72131,3.16288,20,11.9832
Tourcoing,50.72131,3.16288,Lille,50.6392,3.0762,20,11.8737
Paris (Bercy Seine),48.83532,2.38052,Lille,50.6392,3.0762,175,223.7503
Lille,50.6392,3.0762,Paris (Bercy Seine),48.83532,2.38052,180,221.9624
Paris (Bercy Seine),48.83532,2.38052,Paris Charles de Gaulle (Central Bus Station - Terminal 3),49.01067,2.55926,30,30.2235
Paris Charles de Gaulle (Central Bus Station - Terminal 3),49.01067,2.55926,Lille,50.6392,3.0762,140,198.4901
Lille,50.6392,3.0762,Tourcoing,50.72131,3.16288,20,11.9832
Tourcoing,50.72131,3.16288,Lille,50.6392,3.0762,20,11.8737
Paris Charles de Gaulle (Central Bus Station - Terminal 3),49.01067,2.55926,Paris (Bercy Seine),48.83532,2.38052,30,29.7487
Paris (Bercy Seine),48.83532,2.38052,Paris Charles de Gaulle (Central Bus Station - Terminal 3),49.01067,2.55926,30,30.2235
Paris Charles de Gaulle (Central Bus Station - Terminal 3),49.01067,2.55926,Lille,50.6392,3.0762,140,198.4901
Lille,50.6392,3.0762,Paris Charles de Gaulle (Central Bus Station - Terminal 3),49.01067,2.55926,135,197.8415
Paris Charles de Gaulle (Central Bus Station - Terminal 3),49.01067,2.55926,Paris (Bercy Seine),48.83532,2.38052,40,29.7487
Annecy (Central Bus Station),45.90166,6.12032,Chambéry (Central Bus Station),45.56998,5.91742,45,0.0
Chambéry (Central Bus Station),45.56998,5.91742,Grenoble (central bus station),45.19283,5.71394,65,58.7942
Grenoble (central bus station),45.19283,5.71394,Lyon Perrache (Central Bus Station),45.74875,4.82602,90,105.3058
Lyon Perrache (Central Bus Station),45.74875,4.82602,Saint-Étienne,45.4425,4.40286,55,58.9792
Saint-Étienne,45.4425,4.40286,Clermont-Ferrand (bus terminal Les Salins),45.77076,3.08225,120,149.162
Clermont-Ferrand (bus terminal Les Salins),45.77076,3.08225,Périgueux (Créavallée Nord),45.14313,0.69851,200,245.2045
Périgueux (Créavallée Nord),45.14313,0.69851,Bordeaux Saint-Jean,44.82982,-0.55521,90,125.6238
Bordeaux Saint-Jean,44.82982,-0.55521,Périgueux (Créavallée Nord),45.14313,0.69851,90,129.7711
Périgueux (Créavallée Nord),45.14313,0.69851,Clermont-Ferrand (bus terminal Les Salins),45.77076,3.08225,200,245.161
Clermont-Ferrand (bus terminal Les Salins),45.77076,3.08225,Saint-Étienne,45.4425,4.40286,120,148.058
Saint-Étienne,45.4425,4.40286,Lyon Perrache (Central Bus Station),45.74875,4.82602,70,60.2056
Lyon Perrache (Central Bus Station),45.74875,4.82602,Grenoble (central bus station),45.19283,5.71394,100,104.4014
Grenoble (central bus station),45.19283,5.71394,Chambéry (Central Bus Station),45.56998,5.91742,65,59.911
Chambéry (Central Bus Station),45.56998,5.91742,Annecy (Central Bus Station),45.90166,6.12032,45,48.8452
Bordeaux Saint-Jean,44.82982,-0.55521,Agen (Exit A62),44.16644,0.60633,95,134.1469
Agen (Exit A62),44.16644,0.60633,Toulouse (Central Bus Station Pierre Sémard),43.61252,1.45261,90,109.8635
Toulouse (Central Bus Station Pierre Sémard),43.61252,1.45261,Marseille (central bus station St Charles),43.30408,5.37999,305,405.3889
Marseille (central bus station St Charles),43.30408,5.37999,Toulon (Central Bus Station),43.12779,5.93074,70,66.5979
Toulon (Central Bus Station),43.12779,5.93074,Nice Airport (Bus Station - Terminal 1),43.66482,7.20959,125,1075.8706
Nice Airport (Bus Station - Terminal 1),43.66482,7.20959,Toulon (Central Bus Station),43.12779,5.93074,110,143.3571
Toulon (Central Bus Station),43.12779,5.93074,Marseille (central bus station St Charles),43.30408,5.37999,70,65.4295
Marseille (central bus station St Charles),43.30408,5.37999,Toulouse (Central Bus Station Pierre Sémard),43.61252,1.45261,300,404.9399
Toulouse (Central Bus Station Pierre Sémard),43.61252,1.45261,Agen (Exit A62),44.16644,0.60633,85,110.1081
Agen (Exit A62),44.16644,0.60633,Bordeaux Saint-Jean,44.82982,-0.55521,110,132.8369
Lille,50.6392,3.0762,Paris Charles de Gaulle (Central Bus Station - Terminal 3),49.01067,2.55926,140,197.8415
Paris Charles de Gaulle (Central Bus Station - Terminal 3),49.01067,2.55926,Paris (Bercy Seine),48.83532,2.38052,35,29.7487
Paris (Bercy Seine),48.83532,2.38052,Chalon-sur-Saône (Gare routière),46.78099,4.84434,235,337.6838
Chalon-sur-Saône (Gare routière),46.78099,4.84434,Lyon Perrache (Central Bus Station),45.74875,4.82602,105,125.2231
Lyon Perrache (Central Bus Station),45.74875,4.82602,Valence France (Central bus station),44.92691,4.89239,90,101.453
Valence France (Central bus station),44.92691,4.89239,Marseille (central bus station St Charles),43.30408,5.37999,155,212.8486
Marseille (central bus station St Charles),43.30408,5.37999,Toulon (Central Bus Station),43.12779,5.93074,65,66.5979
Toulon (Central Bus Station),43.12779,5.93074,Marseille (central bus station St Charles),43.30408,5.37999,70,65.4295
Marseille (central bus station St Charles),43.30408,5.37999,Valence France (Central bus station),44.92691,4.89239,155,212.3224
Valence France (Central bus station),44.92691,4.89239,Lyon Perrache (Central Bus Station),45.74875,4.82602,85,107.6506
Lyon Perrache (Central Bus Station),45.74875,4.82602,Chalon-sur-Saône (Gare routière),46.78099,4.84434,105,126.5073
Chalon-sur-Saône (Gare routière),46.78099,4.84434,Paris (Bercy Seine),48.83532,2.38052,240,337.4295
Paris (Bercy Seine),48.83532,2.38052,Paris Charles de Gaulle (Central Bus Station - Terminal 3),49.01067,2.55926,35,30.2235
Paris Charles de Gaulle (Central Bus Station - Terminal 3),49.01067,2.55926,Lille,50.6392,3.0762,140,198.4901
Lille,50.6392,3.0762,Paris Charles de Gaulle (Central Bus Station - Terminal 3),49.01067,2.55926,140,197.8415
Paris Charles de Gaulle (Central Bus Station - Terminal 3),49.01067,2.55926,Paris (Bercy Seine),48.83532,2.38052,35,29.7487
Paris (Bercy Seine),48.83532,2.38052,Chalon-sur-Saône (Gare routière),46.78099,4.84434,235,337.6838
Chalon-sur-Saône (Gare routière),46.78099,4.84434,Lyon Perrache (Central Bus Station),45.74875,4.82602,105,125.2231
Lyon Perrache (Central Bus Station),45.74875,4.82602,Valence France (Central bus station),44.92691,4.89239,90,101.453
Valence France (Central bus station),44.92691,4.89239,Lyon Perrache (Central Bus Station),45.74875,4.82602,85,107.6506
Lyon Perrache (Central Bus Station),45.74875,4.82602,Chalon-sur-Saône (Gare routière),46.78099,4.84434,105,126.5073
Chalon-sur-Saône (Gare routière),46.78099,4.84434,Paris (Bercy Seine),48.83532,2.38052,240,337.4295
Paris (Bercy Seine),48.83532,2.38052,Paris Charles de Gaulle (Central Bus Station - Terminal 3),49.01067,2.55926,35,30.2235
Paris Charles de Gaulle (Central Bus Station - Terminal 3),49.01067,2.55926,Lille,50.6392,3.0762,140,198.4901
Bordeaux Saint-Jean,44.82982,-0.55521,Périgueux (Créavallée Nord),45.14313,0.69851,95,129.7711
Périgueux (Créavallée Nord),45.14313,0.69851,Brive-la-Gaillarde (Centre Commercial Ouest),45.14592,1.48255,49,75.9385
Brive-la-Gaillarde (Centre Commercial Ouest),45.14592,1.48255,Tulle (Péage Nord),45.32849,1.76515,30,56.3608
Tulle (Péage Nord),45.32849,1.76515,Clermont-Ferrand (bus terminal Les Salins),45.77076,3.08225,115,141.0107
Clermont-Ferrand (bus terminal Les Salins),45.77076,3.08225,Saint-Étienne,45.4425,4.40286,105,148.058
Saint-Étienne,45.4425,4.40286,Givors (South Lyon),45.59105,4.77193,35,37.1485
Givors (South Lyon),45.59105,4.77193,Lyon Perrache (Central Bus Station),45.74875,4.82602,20,23.7169
Lyon Perrache (Central Bus Station),45.74875,4.82602,Givors (South Lyon),45.59105,4.77193,20,22.1768
Givors (South Lyon),45.59105,4.77193,Saint-Étienne,45.4425,4.40286,35,37.1179
Saint-Étienne,45.4425,4.40286,Clermont-Ferrand (bus terminal Les Salins),45.77076,3.08225,105,149.162
Clermont-Ferrand (bus terminal Les Salins),45.77076,3.08225,Tulle (Péage Nord),45.32849,1.76515,120,139.8359
Tulle (Péage Nord),45.32849,1.76515,Brive-la-Gaillarde (Centre Commercial Ouest),45.14592,1.48255,30,40.0131
Brive-la-Gaillarde (Centre Commercial Ouest),45.14592,1.48255,Périgueux (Créavallée Nord),45.14313,0.69851,50,76.0656
Périgueux (Créavallée Nord),45.14313,0.69851,Bordeaux Saint-Jean,44.82982,-0.55521,95,125.6238
Dunkerque,51.03119,2.36896,Lille,50.6392,3.0762,60,82.9633
Lille,50.6392,3.0762,Paris (Bercy Seine),48.83532,2.38052,180,221.9624
Paris (Bercy Seine),48.83532,2.38052,Paris Charles de Gaulle (Central Bus Station - Terminal 3),49.01067,2.55926,45,30.2235
Paris Charles de Gaulle (Central Bus Station - Terminal 3),49.01067,2.55926,Lille,50.6392,3.0762,135,198.4901
Lille,50.6392,3.0762,Dunkerque,51.03119,2.36896,60,82.2471
Paris (Bercy Seine),48.83532,2.38052,Lille,50.6392,3.0762,180,223.7503
Lille,50.6392,3.0762,Dunkerque,51.03119,2.36896,60,82.2471
Calais (Bus Stop on Terminal Ferry),50.96679,1.86345,Lille,50.6392,3.0762,90,116.4843
Rouen (Avenue Champlain),49.43419,1.0927,Paris La Défense (Terminal Jules Verne),48.89147,2.24247,95,122.5033
Paris La Défense (Terminal Jules Verne),48.89147,2.24247,Paris Charles de Gaulle (Central Bus Station - Terminal 3),49.01067,2.55926,50,28.9457
Dieppe (Central bus station),49.92152,1.08058,Rouen (Avenue Champlain),49.43419,1.0927,55,64.5524
Rouen (Avenue Champlain),49.43419,1.0927,Paris La Défense (Terminal Jules Verne),48.89147,2.24247,95,122.5033
Paris La Défense (Terminal Jules Verne),48.89147,2.24247,Paris (Bercy Seine),48.83532,2.38052,45,14.4262
Paris (Bercy Seine),48.83532,2.38052,Paris La Défense (Terminal Jules Verne),48.89147,2.24247,40,12.7315
Paris La Défense (Terminal Jules Verne),48.89147,2.24247,Rouen (Avenue Champlain),49.43419,1.0927,100,122.809
Paris Charles de Gaulle (Central Bus Station - Terminal 3),49.01067,2.55926,Paris La Défense (Terminal Jules Verne),48.89147,2.24247,60,30.5631
Paris La Défense (Terminal Jules Verne),48.89147,2.24247,Rouen (Avenue Champlain),49.43419,1.0927,100,122.809
Rouen (Avenue Champlain),49.43419,1.0927,Paris Porte de Saint Ouen,48.90109,2.3318,110,131.9163
Paris Porte de Saint Ouen,48.90109,2.3318,Paris (Bercy Seine),48.83532,2.38052,40,15.7812
Paris (Bercy Seine),48.83532,2.38052,Paris Porte de Saint Ouen,48.90109,2.3318,40,9.6512
Paris Porte de Saint Ouen,48.90109,2.3318,Rouen (Avenue Champlain),49.43419,1.0927,110,129.8419
Rouen (Avenue Champlain),49.43419,1.0927,Dieppe (Central bus station),49.92152,1.08058,55,62.375
Rouen (Avenue Champlain),49.43419,1.0927,Paris La Défense (Terminal Jules Verne),48.89147,2.24247,95,122.5033
Paris La Défense (Terminal Jules Verne),48.89147,2.24247,Paris (Bercy Seine),48.83532,2.38052,45,14.4262
Paris Charles de Gaulle (Central Bus Station - Terminal 3),49.01067,2.55926,Paris La Défense (Terminal Jules Verne),48.89147,2.24247,40,30.5631
Paris La Défense (Terminal Jules Verne),48.89147,2.24247,Rouen (Avenue Champlain),49.43419,1.0927,100,122.809
Rouen (Avenue Champlain),49.43419,1.0927,Dieppe (Central bus station),49.92152,1.08058,55,62.375
Paris (Bercy Seine),48.83532,2.38052,Paris Porte de Saint Ouen,48.90109,2.3318,40,9.6512
Paris Porte de Saint Ouen,48.90109,2.3318,Rouen (Avenue Champlain),49.43419,1.0927,110,129.8419
Dieppe (Central bus station),49.92152,1.08058,Rouen (Avenue Champlain),49.43419,1.0927,65,64.5524
Rouen (Avenue Champlain),49.43419,1.0927,Paris La Défense (Terminal Jules Verne),48.89147,2.24247,95,122.5033
Paris La Défense (Terminal Jules Verne),48.89147,2.24247,Paris Charles de Gaulle (Central Bus Station - Terminal 3),49.01067,2.55926,50,28.9457
Paris Charles de Gaulle (Central Bus Station - Terminal 3),49.01067,2.55926,Paris Porte de Saint Ouen,48.90109,2.3318,40,24.2367
Paris Porte de Saint Ouen,48.90109,2.3318,Rouen (Avenue Champlain),49.43419,1.0927,110,129.8419
Rouen (Avenue Champlain),49.43419,1.0927,Dieppe (Central bus station),49.92152,1.08058,55,62.375
Marseille (central bus station St Charles),43.30408,5.37999,Avignon (Le Pontet),43.96063,4.85594,80,98.5852
Avignon (Le Pontet),43.96063,4.85594,Lyon Perrache (Central Bus Station),45.74875,4.82602,200,224.304
Lyon Perrache (Central Bus Station),45.74875,4.82602,Chalon-sur-Saône (Gare routière),46.78099,4.84434,100,126.5073
Chalon-sur-Saône (Gare routière),46.78099,4.84434,Beaune (Péage Sud),47.00345,4.85347,20,26.971
Beaune (Péage Sud),47.00345,4.85347,Dijon (bus station),47.32353,5.0279,40,44.4308
Dijon (bus station),47.32353,5.0279,Beaune (Péage Sud),47.00345,4.85347,40,5773.5337
Beaune (Péage Sud),47.00345,4.85347,Chalon-sur-Saône (Gare routière),46.78099,4.84434,20,27.6228
Chalon-sur-Saône (Gare routière),46.78099,4.84434,Lyon Perrache (Central Bus Station),45.74875,4.82602,110,125.2231
Lyon Perrache (Central Bus Station),45.74875,4.82602,Avignon (Le Pontet),43.96063,4.85594,200,223.1033
Avignon (Le Pontet),43.96063,4.85594,Marseille (central bus station St Charles),43.30408,5.37999,75,99.0648
Grenoble (central bus station),45.19283,5.71394,Lyon Perrache (Central Bus Station),45.74875,4.82602,95,105.3058
Lyon Perrache (Central Bus Station),45.74875,4.82602,Paris (Bercy Seine),48.83532,2.38052,390,461.5035
Paris (Bercy Seine),48.83532,2.38052,Lyon Perrache (Central Bus Station),45.74875,4.82602,375,461.1157
Lyon Perrache (Central Bus Station),45.74875,4.82602,Grenoble (central bus station),45.19283,5.71394,100,104.4014
Paris (Orly Airport),48.73156,2.37358,Paris (Bercy Seine),48.83532,2.38052,35,15.0458
Paris (Bercy Seine),48.83532,2.38052,Lille,50.6392,3.0762,175,223.7503
Lille,50.6392,3.0762,Paris (Bercy Seine),48.83532,2.38052,175,221.9624
Paris (Bercy Seine),48.83532,2.38052,Paris (Orly Airport),48.73156,2.37358,35,16.5344
